,1700017b05rik,a2m,actn1,adora2b,aimp2,ak2,alx1,alx3,alx4,amot,anxa7,arg1,atad3a,atic,bgn,bmpr1b,ccl6,ccnd3,cd248,cd63,cdc14b,cdc42ep5,cdh11,cdk6,cited1,clmp,cnn2,col23a1,col26a1,col3a1,col4a1,col9a1,colec12,cped1,crym,csn3,csrp2,cyth3,dact3,dchs1,ddr2,ddx31,ddx56,desi1,dhrs3,dixdc1,dlc1,dusp12,dusp6,dusp7,ebf3,eef1d,eef2k,eif4ebp1,emg1,emilin1,eml3,eva1b,fam43a,farp1,fbln5,fhl3,fli1,flnc,flrt2,foxc1,fpgs,frmd6,fstl1,fzd2,gusb,hapln1,hdac7,hmces,hopx,hspa9,id1,ifrd2,igfbp4,il11ra1,impdh1,itga8,itga9,itgb5,itm2c,kctd1,lamp5,lima1,lin28b,lrig3,lrp1,lrrc58,lum,meis2,mest,mettl13,mfap2,mfap4,mmp2,mogat2,mrc2,mrpl12,mrpl34,mrps34,mthfd1,mthfd2,myc,myo1b,ncl,net1,nhp2,nid1,nkd2,nme1,nol9,nolc1,obsl1,pacsin2,pcdh18,pcolce,pde4a,pdgfra,pdgfrb,pdlim4,peg3,pgm2,phlda1,plcb1,plvap,polr2e,ppan,ppfibp2,prdx6,prex2,prickle1,prrx1,prrx2,psmg1,ptgis,pus7,pwp2,rab3il1,rai14,rarb,rarg,rbp1,reep5,rhod,rhoj,rin2,rrp8,ruvbl1,ruvbl2,s100a6,s1pr2,s1pr3,sdc1,sema5a,serpinf1,sertad4,sh2d3c,sh3bp5,shc1,six1,six2,slc1a5,slc25a22,slc25a4,slc38a4,slc7a5,smpdl3b,snai1,snai2,spred2,spry4,srm,ssbp3,st6galnac4,stambpl1,sulf2,taf4b,tbx2,tbx3,tcf7l1,tmem119,tmem200b,tnfaip6,tns1,tpm4,traf3ip2,traf4,tril,twist1,ubl4b,vasn,vcam1,vegfc,wdr74,wdr75,wnt5a,xpo5,znhit6
alx1,0.880120575428009,0.8654792904853821,0.8652698993682861,0.8653128743171692,0.6428357362747192,0.5457527041435242,0.8957595229148865,0.8793394565582275,0.9440673589706421,0.9259801506996155,0.874663770198822,0.8754152655601501,0.820417582988739,0.754679262638092,0.9015421271324158,0.8634630441665649,0.8688474893569946,0.8743285536766052,0.9467499852180481,0.8885185718536377,0.8909490704536438,0.8089687824249268,0.9333578944206238,0.8801777362823486,0.9055269360542297,0.902684211730957,0.9304009079933167,0.9263705015182495,0.949254035949707,0.9378820061683655,0.9116043448448181,0.9111132621765137,0.8934115171432495,0.9423322677612305,0.8787261247634888,0.8664278388023376,0.9014977812767029,0.9002612233161926,0.8903155326843262,0.8952654004096985,0.9420077204704285,0.8574275374412537,0.7510683536529541,0.8069989681243896,0.8639695644378662,0.9138981699943542,0.948660671710968,0.8143010139465332,0.9026501178741455,0.8860859274864197,0.8734062910079956,0.3538751006126404,0.8667240738868713,0.8172210454940796,0.5023977756500244,0.9196736216545105,0.8782855272293091,0.9064951539039612,0.8702723979949951,0.8982806205749512,0.9374452829360962,0.8717471361160278,0.9438546299934387,0.8762664198875427,0.9482035636901855,0.9550467133522034,0.8098543882369995,0.9159386157989502,0.8652469515800476,0.9039704203605652,0.8765707612037659,0.8956742286682129,0.8957292437553406,0.840376079082489,0.8572002649307251,0.8403313159942627,0.9353040456771851,0.669600248336792,0.8862277269363403,0.894767701625824,0.8215520977973938,0.8919128179550171,0.9079193472862244,0.9029881954193115,0.896319568157196,0.8977149724960327,0.8650747537612915,0.8745846152305603,0.8768446445465088,0.908873975276947,0.8947418928146362,0.873408317565918,0.943679928779602,0.8837899565696716,0.42869895696640015,0.88243168592453,0.8893167972564697,0.9222792983055115,0.8863931894302368,0.823932945728302,0.8887292742729187,0.5476750135421753,0.7559094429016113,0.5662537217140198,0.8877253532409668,0.8373164534568787,0.8867190480232239,0.8796542286872864,0.838951826095581,0.84256911277771,0.8408488035202026,0.9508770704269409,0.8953791260719299,0.3315797746181488,0.8695248365402222,0.8278250694274902,0.8728219270706177,0.8336600661277771,0.9017956852912903,0.9162487387657166,0.8631210327148438,0.9450713992118835,0.9151879549026489,0.9256410598754883,0.9308449625968933,0.8508488535881042,0.8952195048332214,0.8677935600280762,0.8583943247795105,0.6889728903770447,0.6579112410545349,0.8991994857788086,0.39686283469200134,0.8799983263015747,0.8777945637702942,0.9128337502479553,0.9134276509284973,0.7724471092224121,0.837690532207489,0.8534664511680603,0.7939371466636658,0.9105985760688782,0.9005435109138489,0.943756103515625,0.8786362409591675,0.8727355003356934,0.8882097601890564,0.8650692105293274,0.8847905397415161,0.8873085379600525,0.8017203211784363,0.4644455313682556,0.5811195373535156,0.8693450689315796,0.9119940400123596,0.9473713636398315,0.8783054947853088,0.8795822858810425,0.9204820394515991,0.868483304977417,0.8790838122367859,0.9074543714523315,0.8190272450447083,0.905576229095459,0.9443225264549255,0.8363061547279358,0.8053480982780457,0.8707051873207092,0.9119130373001099,0.8652035593986511,0.8519890904426575,0.9444175958633423,0.8837159276008606,0.8667324185371399,0.8859807848930359,0.8333472013473511,0.848060131072998,0.9526615738868713,0.8712547421455383,0.8814364075660706,0.8796621561050415,0.8808237910270691,0.9069200754165649,0.894707441329956,0.9029920101165771,0.934661865234375,0.8968382477760315,0.8957809805870056,0.8897849917411804,0.8689966201782227,0.8552352786064148,0.8975688815116882,0.934647262096405,0.9218862652778625,0.8998641967773438,0.9395670890808105,0.879022479057312,0.7847762107849121,0.8924208879470825,0.9030593633651733,0.8156781792640686,0.8434932827949524
alx3,0.8592520356178284,0.852734386920929,0.8356435894966125,0.8526649475097656,0.5872790813446045,0.5120115280151367,0.8849358558654785,0.8669906854629517,0.9387553334236145,0.9096193909645081,0.8534861207008362,0.86285001039505,0.7758156061172485,0.7022480368614197,0.8911033272743225,0.8510859608650208,0.8558796048164368,0.8466100096702576,0.9421596527099609,0.8579123020172119,0.8648840188980103,0.7861154675483704,0.9248626828193665,0.8563520312309265,0.889057993888855,0.8891413807868958,0.9201974272727966,0.9168280363082886,0.9434256553649902,0.9328801035881042,0.8895195722579956,0.9000602960586548,0.8727712035179138,0.9378843307495117,0.8608585000038147,0.8531709313392639,0.8664884567260742,0.8862336874008179,0.8796678781509399,0.8811336159706116,0.937640905380249,0.8262218236923218,0.6907140016555786,0.7673363089561462,0.8510428667068481,0.9004657864570618,0.9438269138336182,0.7620307803153992,0.8855364322662354,0.8629361391067505,0.8606396913528442,0.3587745428085327,0.846988320350647,0.7658572793006897,0.46360695362091064,0.9104722738265991,0.859099805355072,0.8893600702285767,0.8518300652503967,0.8714858293533325,0.9323957562446594,0.8606546521186829,0.9391920566558838,0.8601186275482178,0.9425403475761414,0.949736475944519,0.7719312906265259,0.9043903946876526,0.8282149434089661,0.8772290349006653,0.839063286781311,0.8818877339363098,0.876063883304596,0.7991287708282471,0.8422293663024902,0.7865452170372009,0.9265127778053284,0.617959201335907,0.863541305065155,0.88121098279953,0.7833338379859924,0.8812586665153503,0.8946508765220642,0.8781426548957825,0.86586993932724,0.8825778961181641,0.8532814383506775,0.858817994594574,0.8449930548667908,0.8848073482513428,0.8700896501541138,0.8318558931350708,0.9375553727149963,0.8573437333106995,0.40759173035621643,0.8566722869873047,0.8538501262664795,0.9100622534751892,0.8598721027374268,0.7782137393951416,0.8690024018287659,0.5220166444778442,0.6868588328361511,0.5161861181259155,0.854744017124176,0.7882466316223145,0.8585705757141113,0.8377267718315125,0.8428481221199036,0.8130093216896057,0.8175075650215149,0.9452037811279297,0.8806087970733643,0.32719579339027405,0.8386732935905457,0.7694286108016968,0.8452312350273132,0.7988747358322144,0.8783851265907288,0.9044471383094788,0.8508949875831604,0.9403123259544373,0.9033488631248474,0.9146539568901062,0.9217537641525269,0.8278666734695435,0.8775373697280884,0.8562231063842773,0.844818115234375,0.6251872181892395,0.6054391860961914,0.8867896795272827,0.3665335178375244,0.8642231822013855,0.8589380383491516,0.9024456739425659,0.8996601104736328,0.7268173694610596,0.7992344498634338,0.8114520311355591,0.7514644265174866,0.8972251415252686,0.8719452619552612,0.938209593296051,0.8478876948356628,0.8356893658638,0.863260805606842,0.8442493081092834,0.8752073049545288,0.8734476566314697,0.7440370917320251,0.40993979573249817,0.5219119787216187,0.8582583665847778,0.8965438008308411,0.9410136938095093,0.8446393013000488,0.8643807768821716,0.909523606300354,0.8571580648422241,0.8668094277381897,0.8941673040390015,0.7862714529037476,0.8911462426185608,0.9400454163551331,0.7944793701171875,0.7783970236778259,0.8346391916275024,0.8870285749435425,0.83469557762146,0.8382776975631714,0.9366890788078308,0.8708215951919556,0.8448042273521423,0.8676899671554565,0.7944968938827515,0.794937789440155,0.9466003775596619,0.8601526618003845,0.8454861044883728,0.8618435859680176,0.8697288632392883,0.895282506942749,0.8759163618087769,0.8889567255973816,0.929270327091217,0.8858689069747925,0.8839701414108276,0.8587326407432556,0.854641318321228,0.8055080771446228,0.879246175289154,0.9261049032211304,0.9318238496780396,0.8839479684829712,0.9346731901168823,0.8667534589767456,0.7467147707939148,0.8626580834388733,0.8843910098075867,0.7667407989501953,0.8063125610351562
alx4,0.9127015471458435,0.9065868258476257,0.8883030414581299,0.9085232615470886,0.8289508819580078,0.7965878844261169,0.9217348098754883,0.9129855632781982,0.9301992058753967,0.9286905527114868,0.9085530638694763,0.9135922789573669,0.865402102470398,0.7997539639472961,0.9258785843849182,0.9077708721160889,0.9086464643478394,0.8983863592147827,0.9307737946510315,0.8995345830917358,0.9137282371520996,0.8934580683708191,0.9388993978500366,0.9124539494514465,0.926744818687439,0.9217163920402527,0.9369561672210693,0.9338299036026001,0.9343048930168152,0.9211569428443909,0.9213564991950989,0.9290830492973328,0.9119848608970642,0.9257768988609314,0.913730800151825,0.9096333980560303,0.8981637954711914,0.9215863347053528,0.918890655040741,0.9193388819694519,0.9267480373382568,0.894498884677887,0.8568251729011536,0.8796616196632385,0.907156229019165,0.9308667182922363,0.9360910654067993,0.8858925700187683,0.9194675087928772,0.9108102321624756,0.9107573628425598,0.7638728022575378,0.9113622903823853,0.8507575988769531,0.812639057636261,0.9322267770767212,0.9147040247917175,0.9204549193382263,0.9068890810012817,0.9216506481170654,0.9186390042304993,0.9126383066177368,0.9266991019248962,0.9120482802391052,0.9317212700843811,0.9379913806915283,0.8883743286132812,0.9248347282409668,0.8929463028907776,0.9083024263381958,0.8948251605033875,0.9225512146949768,0.9186985492706299,0.8946995139122009,0.9088796973228455,0.8474656939506531,0.9290320873260498,0.812864363193512,0.9056032299995422,0.9208487272262573,0.8820927143096924,0.9211969971656799,0.9269323348999023,0.9183810353279114,0.900359034538269,0.9189546704292297,0.9079186320304871,0.9190524220466614,0.9088181853294373,0.9218172430992126,0.9137074947357178,0.8984220623970032,0.9285756945610046,0.9165197014808655,0.6922092437744141,0.917881190776825,0.8983061909675598,0.9305835962295532,0.9135029315948486,0.8869222402572632,0.9189046621322632,0.8482895493507385,0.8042996525764465,0.7198703289031982,0.9071619510650635,0.862447202205658,0.9093220829963684,0.8915150165557861,0.8131287693977356,0.8943157196044922,0.8976209759712219,0.9343730807304382,0.9220629930496216,0.7204746007919312,0.8932409286499023,0.8554973006248474,0.9046152234077454,0.9017862677574158,0.9236491322517395,0.9310199618339539,0.9079254269599915,0.9425432682037354,0.9314690232276917,0.9318918585777283,0.9357063174247742,0.9056215882301331,0.9130522012710571,0.9116311073303223,0.9084615707397461,0.8323154449462891,0.8170665502548218,0.9231312274932861,0.6788850426673889,0.915054440498352,0.9122346639633179,0.9309743046760559,0.9284111857414246,0.8462607860565186,0.8803422451019287,0.8881382346153259,0.8883391618728638,0.9263582229614258,0.9220504760742188,0.9297428131103516,0.9025411009788513,0.9101104140281677,0.8960201740264893,0.9075049161911011,0.9177472591400146,0.9160416126251221,0.8665376901626587,0.7389314770698547,0.8030664324760437,0.9105743765830994,0.9284878373146057,0.9336862564086914,0.8927264213562012,0.9177352786064148,0.9323537945747375,0.9111887812614441,0.9144880175590515,0.9251294136047363,0.8852657079696655,0.9252674579620361,0.9308979511260986,0.8788183927536011,0.8844742774963379,0.8533651232719421,0.9243896007537842,0.8856390118598938,0.905730128288269,0.936408519744873,0.9176984429359436,0.909766674041748,0.9160490036010742,0.8593090772628784,0.8530603051185608,0.9355754256248474,0.9118093848228455,0.9169182181358337,0.9121293425559998,0.9162618517875671,0.9250752329826355,0.904845118522644,0.9216276407241821,0.9168716073036194,0.9224987626075745,0.921449601650238,0.8877189755439758,0.9101753234863281,0.8713817000389099,0.9215524196624756,0.9358130693435669,0.9063534736633301,0.9222561120986938,0.9205248951911926,0.9131407737731934,0.849786102771759,0.904065728187561,0.921553373336792,0.8952183723449707,0.8657326102256775
ebf3,0.8545673489570618,0.8483483195304871,0.8372434377670288,0.8511452078819275,0.588792085647583,0.5157400369644165,0.8786457180976868,0.8576372861862183,0.9374278783798218,0.9070320725440979,0.8474330902099609,0.8613473176956177,0.7751306295394897,0.6940803527832031,0.8859832286834717,0.8469755053520203,0.853058397769928,0.8446370363235474,0.9398658275604248,0.8579599261283875,0.8591555953025818,0.7816991806030273,0.9230782985687256,0.8517475128173828,0.8836126923561096,0.8805089592933655,0.921471357345581,0.9095594882965088,0.9425323009490967,0.928541898727417,0.8875181674957275,0.893503725528717,0.866062343120575,0.9346640706062317,0.8563554286956787,0.8485661745071411,0.8737618327140808,0.8795434832572937,0.8723060488700867,0.8735485672950745,0.934959888458252,0.8247405886650085,0.7112143039703369,0.7526694536209106,0.8477649688720703,0.8941184878349304,0.9425783753395081,0.7649251818656921,0.8802556991577148,0.8632757067680359,0.8580681681632996,0.394448846578598,0.8407501578330994,0.7425176501274109,0.4651832580566406,0.9007386565208435,0.8539828062057495,0.8818060755729675,0.8437706232070923,0.8711459040641785,0.929510772228241,0.8557050228118896,0.9358494281768799,0.8510729074478149,0.9408363699913025,0.9489437937736511,0.7734753489494324,0.8941941857337952,0.8292718529701233,0.8803014159202576,0.8415895700454712,0.8770728707313538,0.8702732920646667,0.7998688817024231,0.8392878174781799,0.7963228225708008,0.9255985617637634,0.6207548975944519,0.855120837688446,0.8704457879066467,0.772679328918457,0.8771798014640808,0.8889199495315552,0.8780434131622314,0.862881600856781,0.8746570348739624,0.8489044308662415,0.8480456471443176,0.8404382467269897,0.8829069137573242,0.8684803247451782,0.8458089232444763,0.9361528158187866,0.8591755032539368,0.4150594174861908,0.8518122434616089,0.8556540608406067,0.9031586647033691,0.8623453378677368,0.7899070978164673,0.8633216619491577,0.5255745649337769,0.6942020058631897,0.51888108253479,0.8566497564315796,0.7905257344245911,0.8559428453445435,0.844101071357727,0.8344300389289856,0.8169760704040527,0.8123460412025452,0.9449482560157776,0.8734127283096313,0.3386155366897583,0.8345755338668823,0.7814310789108276,0.83897465467453,0.7996499538421631,0.8749009370803833,0.8966906070709229,0.8478380441665649,0.9363313913345337,0.8959865570068359,0.9098799228668213,0.917786180973053,0.818053126335144,0.8718910217285156,0.8499179482460022,0.842561662197113,0.6531326174736023,0.6130135655403137,0.8813353180885315,0.37819549441337585,0.8589205741882324,0.8510491251945496,0.8941169381141663,0.8936797380447388,0.7214481830596924,0.7972817420959473,0.8123789429664612,0.7529568076133728,0.8908370733261108,0.8678774237632751,0.936464786529541,0.8493016958236694,0.8266624808311462,0.8545674085617065,0.8416467308998108,0.8706393837928772,0.867831289768219,0.758517324924469,0.41889819502830505,0.5502346158027649,0.8535701036453247,0.8890416622161865,0.9408032298088074,0.8418067097663879,0.8594906330108643,0.9055910706520081,0.852446436882019,0.8634415864944458,0.8882243037223816,0.7833950519561768,0.8867951035499573,0.9381358623504639,0.7812581062316895,0.7748915553092957,0.8378947973251343,0.8839274644851685,0.8352065086364746,0.8351620435714722,0.9341318011283875,0.8645861148834229,0.8399141430854797,0.8642699122428894,0.8136211037635803,0.814398467540741,0.9459130764007568,0.8534156084060669,0.839693546295166,0.8592005968093872,0.8650417923927307,0.8894852995872498,0.867717981338501,0.8827399611473083,0.9270099997520447,0.8782824873924255,0.8771460056304932,0.8690946102142334,0.8519492149353027,0.811535656452179,0.8748242855072021,0.9178938269615173,0.9144737124443054,0.878052294254303,0.9317528009414673,0.8628735542297363,0.7405397891998291,0.8630604147911072,0.8794485926628113,0.7509751915931702,0.804832935333252
fli1,0.913132905960083,0.9123848676681519,0.8659882545471191,0.9125241041183472,0.8091309666633606,0.7850996851921082,0.924943208694458,0.9157329201698303,0.9220362901687622,0.9202143549919128,0.9049755334854126,0.9149121642112732,0.8509697318077087,0.8002857565879822,0.9259379506111145,0.9108529686927795,0.9144613146781921,0.894289493560791,0.9234707355499268,0.8771188855171204,0.9079931974411011,0.8875382542610168,0.9336979985237122,0.9060574769973755,0.9203531742095947,0.9195431470870972,0.9300373792648315,0.933537483215332,0.9274566769599915,0.916379451751709,0.9098696708679199,0.9291751384735107,0.9065766334533691,0.9145232439041138,0.9167571067810059,0.9138187170028687,0.8850022554397583,0.9232075214385986,0.9208489656448364,0.9209418892860413,0.9147359728813171,0.8906778693199158,0.8447685837745667,0.8681074976921082,0.9130232930183411,0.9270122647285461,0.9354314804077148,0.8736355304718018,0.9079880118370056,0.9043315052986145,0.9142858386039734,0.7329449653625488,0.908294677734375,0.8414357900619507,0.7842691540718079,0.9312224388122559,0.9085175395011902,0.9202450513839722,0.9048451781272888,0.915176272392273,0.9078558683395386,0.9130521416664124,0.9153262376785278,0.911765456199646,0.9248607158660889,0.9330379366874695,0.8826646208763123,0.9224346876144409,0.8914451003074646,0.8988292217254639,0.8932240009307861,0.9195330142974854,0.9181949496269226,0.8864220380783081,0.9115883111953735,0.8153517842292786,0.9182646870613098,0.78788161277771,0.8903579711914062,0.9183971285820007,0.8809801936149597,0.9228793978691101,0.9277279376983643,0.9041274785995483,0.8881277441978455,0.9187865853309631,0.9123908281326294,0.9176806807518005,0.9025583863258362,0.91580730676651,0.9069013595581055,0.8784006834030151,0.9210993051528931,0.9099187254905701,0.725632905960083,0.9132653474807739,0.8850429654121399,0.9300112724304199,0.9103298783302307,0.8693989515304565,0.9141935706138611,0.8366203308105469,0.7703566551208496,0.7292321920394897,0.8914986252784729,0.8475883603096008,0.903501570224762,0.8875709772109985,0.8047394156455994,0.8889721632003784,0.8711541295051575,0.9305660128593445,0.9238531589508057,0.7441221475601196,0.8847340941429138,0.845808207988739,0.9011332392692566,0.8942244648933411,0.9186641573905945,0.928842306137085,0.9115799069404602,0.9409791231155396,0.9297586679458618,0.9281110167503357,0.9439422488212585,0.8991157412528992,0.9113950729370117,0.9137920141220093,0.9129739999771118,0.8585416674613953,0.8039402365684509,0.9235550165176392,0.6961716413497925,0.9117769002914429,0.9040424227714539,0.9420058131217957,0.9285277128219604,0.8239150643348694,0.8761975169181824,0.8807087540626526,0.8754478693008423,0.9278170466423035,0.9104060530662537,0.921288251876831,0.8961942195892334,0.9044972658157349,0.8911250233650208,0.9033300280570984,0.9206838011741638,0.9149217009544373,0.8550364375114441,0.7497071027755737,0.7730739712715149,0.9132988452911377,0.9287161231040955,0.928844690322876,0.8776805996894836,0.9164385199546814,0.9334998726844788,0.9151890277862549,0.9169151186943054,0.9243308305740356,0.8748248219490051,0.9260034561157227,0.9233461618423462,0.8643960356712341,0.8844681978225708,0.8277820348739624,0.9091891050338745,0.8741626143455505,0.9097861647605896,0.9383955597877502,0.9204667210578918,0.9035951495170593,0.9105553030967712,0.8052923679351807,0.8490135669708252,0.9304090738296509,0.9140151739120483,0.8973513245582581,0.9124221801757812,0.9190114736557007,0.927707850933075,0.8999906778335571,0.9240443706512451,0.9057286381721497,0.9251923561096191,0.9228444695472717,0.8526789546012878,0.9127324223518372,0.86156165599823,0.9164089560508728,0.9350914359092712,0.8944602012634277,0.9222972393035889,0.9098808169364929,0.915982723236084,0.8306061625480652,0.8938628435134888,0.911616861820221,0.882026731967926,0.8661320209503174
foxc1,0.9342207312583923,0.9273507595062256,0.9196672439575195,0.9287301301956177,0.8836663961410522,0.8585402369499207,0.9406110048294067,0.9322878122329712,0.9444900155067444,0.9476934671401978,0.9335808753967285,0.932666540145874,0.9100877046585083,0.8694348335266113,0.9428520798683167,0.927750825881958,0.929201602935791,0.9298461675643921,0.9440511465072632,0.9262365698814392,0.9372003078460693,0.922119140625,0.9530069231987,0.934991717338562,0.9441502690315247,0.939871609210968,0.9539332985877991,0.9487526416778564,0.9475305080413818,0.9397596120834351,0.9434936046600342,0.9446439146995544,0.9347564578056335,0.9426808953285217,0.9344320893287659,0.9291963577270508,0.934636116027832,0.9397140145301819,0.9362295269966125,0.9384676814079285,0.9433403611183167,0.9236401319503784,0.9085243344306946,0.9127478003501892,0.9274561405181885,0.9478232264518738,0.9481169581413269,0.9189702868461609,0.9418890476226807,0.9342303276062012,0.9303250312805176,0.7668770551681519,0.9308001399040222,0.8884869813919067,0.8624399304389954,0.9491627216339111,0.9348134398460388,0.9381986856460571,0.927058219909668,0.941184401512146,0.9364068508148193,0.9310992360115051,0.9435123801231384,0.929876983165741,0.9461951851844788,0.9489328265190125,0.9201564192771912,0.9433955550193787,0.9295830726623535,0.934079647064209,0.9271079301834106,0.9412248134613037,0.9385511875152588,0.9236152172088623,0.928588330745697,0.8947250843048096,0.9483762383460999,0.8649735450744629,0.9308074712753296,0.9387438893318176,0.9171857833862305,0.9378393292427063,0.9423247575759888,0.940037190914154,0.9279107451438904,0.937606930732727,0.9279671907424927,0.9379755258560181,0.9346749782562256,0.9422681331634521,0.9392748475074768,0.9322118163108826,0.9437690377235413,0.9405596852302551,0.7388346195220947,0.9374657869338989,0.9323118329048157,0.9478780627250671,0.9369093179702759,0.9238888621330261,0.9391546249389648,0.8745914697647095,0.8686752319335938,0.8039774894714355,0.9369701743125916,0.9069220423698425,0.9394556283950806,0.9219635725021362,0.8460646271705627,0.922065794467926,0.9212309122085571,0.9492641091346741,0.9406940340995789,0.7300264239311218,0.9285176396369934,0.905839204788208,0.9332717657089233,0.9288298487663269,0.9437258243560791,0.9465624690055847,0.926365077495575,0.9568857550621033,0.9467548727989197,0.9491741061210632,0.9478369355201721,0.9326242208480835,0.93863844871521,0.9305090308189392,0.9282703399658203,0.8828215003013611,0.8701397180557251,0.9403567910194397,0.7344150543212891,0.9327324628829956,0.9329008460044861,0.9487358927726746,0.9461354613304138,0.9014332294464111,0.9153052568435669,0.9197019338607788,0.9212961792945862,0.9422101378440857,0.946877121925354,0.9441314339637756,0.9269648194313049,0.9331678748130798,0.9261588454246521,0.9317833781242371,0.9352481365203857,0.9349328875541687,0.9090880155563354,0.8272481560707092,0.8560432195663452,0.9303441643714905,0.9465480446815491,0.9485421776771545,0.9293671250343323,0.9358874559402466,0.9498589634895325,0.9304527044296265,0.932671844959259,0.9413893818855286,0.9169629216194153,0.9407811760902405,0.9449087381362915,0.9181777834892273,0.9175992608070374,0.8992354869842529,0.9462258219718933,0.9205529689788818,0.9255293011665344,0.9527707099914551,0.9351540803909302,0.9349893927574158,0.9392371773719788,0.8883329629898071,0.9001657962799072,0.9474998116493225,0.9305135011672974,0.9387423396110535,0.9314662218093872,0.9339774250984192,0.9416473507881165,0.9308494925498962,0.9404094815254211,0.9342865943908691,0.9394904971122742,0.9378492832183838,0.9200700521469116,0.9293556809425354,0.9146514534950256,0.940739631652832,0.9506283402442932,0.9233317971229553,0.9384608864784241,0.9385733008384705,0.9314032793045044,0.8973901271820068,0.9355990290641785,0.9455733895301819,0.9245434999465942,0.9044070839881897
hopx,0.8417040109634399,0.8405300974845886,0.8090969324111938,0.8401744365692139,0.5781968832015991,0.5117793083190918,0.8723428845405579,0.8526578545570374,0.9319908022880554,0.8970896601676941,0.8297924399375916,0.8529012799263,0.7479069828987122,0.684051513671875,0.8781922459602356,0.8404521346092224,0.8454630970954895,0.8217046856880188,0.9351001977920532,0.8341104388237,0.8509836792945862,0.7601871490478516,0.9134400486946106,0.836365818977356,0.869066059589386,0.870782196521759,0.9110219478607178,0.9009876847267151,0.9376048445701599,0.9260879158973694,0.8756319284439087,0.8861887454986572,0.8580889701843262,0.9311878085136414,0.8473930358886719,0.8419116139411926,0.850593626499176,0.8698911070823669,0.8660794496536255,0.8652214407920837,0.9313002824783325,0.8161849975585938,0.6836265921592712,0.7342239022254944,0.8389363288879395,0.8847343921661377,0.938083827495575,0.7468540072441101,0.8614115118980408,0.8480587005615234,0.8499945402145386,0.3409622311592102,0.8258225321769714,0.7468858957290649,0.47128409147262573,0.8922955393791199,0.840599775314331,0.8706461787223816,0.8323659300804138,0.8623422980308533,0.9264863729476929,0.8448887467384338,0.933052659034729,0.8421486616134644,0.9362401962280273,0.9447721242904663,0.7635741233825684,0.8866109848022461,0.8074507117271423,0.8599480390548706,0.8316377997398376,0.8692519068717957,0.8626241087913513,0.7867804765701294,0.8296300172805786,0.7718334197998047,0.8964086174964905,0.6137468218803406,0.8501054644584656,0.8630615472793579,0.7619094848632812,0.8667301535606384,0.8810027837753296,0.8572853803634644,0.8448394536972046,0.8663681745529175,0.8405547142028809,0.8359676599502563,0.830910325050354,0.8694247603416443,0.8546524047851562,0.8200588822364807,0.9308727383613586,0.8415441513061523,0.4129611551761627,0.8392571210861206,0.8325071930885315,0.8948912024497986,0.8456155061721802,0.7684580683708191,0.8521518111228943,0.4873199164867401,0.6898034811019897,0.5192718505859375,0.8356132507324219,0.7705654501914978,0.8479768633842468,0.8295887112617493,0.8042108416557312,0.8035178780555725,0.773989200592041,0.9388995170593262,0.8607588410377502,0.3114835023880005,0.8160174489021301,0.7688674330711365,0.8217122554779053,0.7800090312957764,0.8626709580421448,0.8870468735694885,0.8375380039215088,0.9312250018119812,0.8878414034843445,0.8997348546981812,0.8853482007980347,0.8007133603096008,0.8613255620002747,0.8444650769233704,0.8341474533081055,0.6337612271308899,0.6081987023353577,0.8723787069320679,0.3533041477203369,0.8496155142784119,0.8375677466392517,0.8891686201095581,0.88318932056427,0.7185782790184021,0.7726681232452393,0.8030959367752075,0.7414901256561279,0.8840678930282593,0.8532584309577942,0.9312604665756226,0.8257020115852356,0.8062083721160889,0.8437625765800476,0.8282506465911865,0.8616087436676025,0.8612315654754639,0.7353845238685608,0.42203572392463684,0.5195985436439514,0.8441057205200195,0.8779129385948181,0.9353955984115601,0.8172478079795837,0.8490540981292725,0.9013856053352356,0.8435325622558594,0.8566180467605591,0.8802831172943115,0.7617514729499817,0.879895031452179,0.9332934617996216,0.7679978013038635,0.7634689807891846,0.8139520883560181,0.8722745180130005,0.8099225759506226,0.8256369233131409,0.9287623763084412,0.8585804104804993,0.8261830806732178,0.8457649350166321,0.782654345035553,0.7995016574859619,0.9418607950210571,0.8464917540550232,0.8279616832733154,0.8475872278213501,0.8572653532028198,0.8827674388885498,0.8566107153892517,0.8754146099090576,0.9236373901367188,0.8733870983123779,0.8725063800811768,0.8473703265190125,0.8431623578071594,0.7799984216690063,0.8663437366485596,0.9113039970397949,0.9101566672325134,0.8694208264350891,0.9285878539085388,0.8560980558395386,0.7458873987197876,0.8493987917900085,0.8684952259063721,0.7399052977561951,0.7821388840675354
id1,0.9350398182868958,0.9384196400642395,0.9217156767845154,0.9411863088607788,0.8815850615501404,0.8506777286529541,0.9458611607551575,0.9404031038284302,0.9427305459976196,0.9353928565979004,0.9358500242233276,0.941115140914917,0.9071370959281921,0.8884570598602295,0.9465600252151489,0.920403003692627,0.9217345118522644,0.9288727641105652,0.9428160786628723,0.9237568974494934,0.9321515560150146,0.9337509274482727,0.9351963996887207,0.935161292552948,0.9333224296569824,0.9433773756027222,0.9319339990615845,0.9444543123245239,0.9451999664306641,0.9358963370323181,0.9331793785095215,0.9472315907478333,0.939316987991333,0.9355310201644897,0.9444601535797119,0.9202386140823364,0.932341456413269,0.943103551864624,0.9429255723953247,0.9432597756385803,0.9364961385726929,0.9351860880851746,0.9058953523635864,0.913844108581543,0.9387017488479614,0.9449123740196228,0.9360581636428833,0.9346274137496948,0.9310652017593384,0.9369660019874573,0.9405205249786377,0.9033876061439514,0.9408355951309204,0.8806601762771606,0.8649102449417114,0.9458721280097961,0.9389569163322449,0.943790078163147,0.9393407702445984,0.943498969078064,0.930234968662262,0.9405437111854553,0.9364019632339478,0.9449043869972229,0.9430742859840393,0.9457453489303589,0.9276968836784363,0.9439671039581299,0.9240556955337524,0.927693247795105,0.9244963526725769,0.9444423913955688,0.9426351189613342,0.9304474592208862,0.9192314147949219,0.8447681069374084,0.9283552765846252,0.9079142212867737,0.9029501080513,0.9452982544898987,0.927177906036377,0.9457971453666687,0.9445838332176208,0.9333429336547852,0.9241573810577393,0.9446742534637451,0.9183945059776306,0.9408496618270874,0.9308766722679138,0.9378357529640198,0.9243192076683044,0.934705913066864,0.9412418603897095,0.9279022812843323,0.8256170749664307,0.9401722550392151,0.9322988986968994,0.94346684217453,0.9366656541824341,0.9168212413787842,0.9394232630729675,0.8951267004013062,0.8443439602851868,0.8898886442184448,0.9358150959014893,0.9115172028541565,0.9320445656776428,0.9173517227172852,0.8983356356620789,0.9304808974266052,0.9280365705490112,0.9449360966682434,0.9422249794006348,0.8861604928970337,0.9235249757766724,0.8909052610397339,0.9296357035636902,0.930564284324646,0.9358702898025513,0.946983814239502,0.9397020936012268,0.9400705695152283,0.9447128772735596,0.9404795169830322,0.9387423396110535,0.9378587007522583,0.9297861456871033,0.9237082004547119,0.9413713216781616,0.8795787692070007,0.9009952545166016,0.9461245536804199,0.8619258403778076,0.9419527053833008,0.9395594000816345,0.9442592859268188,0.9468544721603394,0.9039464592933655,0.92661452293396,0.9219955801963806,0.9246751666069031,0.9445797801017761,0.9355273246765137,0.9413871765136719,0.9368461966514587,0.9345812797546387,0.9135067462921143,0.9363950490951538,0.9413643479347229,0.9417893290519714,0.9148682355880737,0.8446078300476074,0.8244510293006897,0.9421442151069641,0.9423858523368835,0.9434910416603088,0.9203143119812012,0.9440533518791199,0.9462653398513794,0.940439760684967,0.9431247711181641,0.9451363682746887,0.9272482395172119,0.943771481513977,0.9420653581619263,0.9288937449455261,0.9334719181060791,0.866671085357666,0.9303825497627258,0.9250013828277588,0.9189801812171936,0.9281734824180603,0.9334223866462708,0.9351170659065247,0.938188910484314,0.8529294729232788,0.9065917134284973,0.9445507526397705,0.9401682615280151,0.9351997375488281,0.9402557015419006,0.9321742653846741,0.9415188431739807,0.9360299706459045,0.9447770118713379,0.9271499514579773,0.9445667862892151,0.9442704916000366,0.8999319076538086,0.9403714537620544,0.9197603464126587,0.9366443157196045,0.9416362643241882,0.9164348244667053,0.9436733722686768,0.9319858551025391,0.9425826668739319,0.8875280618667603,0.9354288578033447,0.9411900043487549,0.8905995488166809,0.9084783792495728
lin28b,0.8598802089691162,0.8773532509803772,0.780455470085144,0.8790841698646545,0.36790236830711365,0.385162889957428,0.9077422618865967,0.890409529209137,0.9446017742156982,0.8942971229553223,0.8242193460464478,0.8838537335395813,0.6171493530273438,0.5977689027786255,0.9138308167457581,0.8755224347114563,0.8797286152839661,0.7198697924613953,0.9482542276382446,0.7937859296798706,0.857277512550354,0.7991608381271362,0.9044981598854065,0.8527184128761292,0.8792863488197327,0.9056082963943481,0.9065312743186951,0.9293141961097717,0.9491256475448608,0.9461435675621033,0.8495515584945679,0.919413149356842,0.8628520369529724,0.9475790858268738,0.8816966414451599,0.879749059677124,0.7863011956214905,0.9081456661224365,0.9054720997810364,0.8999773859977722,0.9449780583381653,0.8145366311073303,0.48693665862083435,0.6076059341430664,0.8741129040718079,0.9187289476394653,0.940346896648407,0.7625301480293274,0.8062216639518738,0.8592169284820557,0.888293981552124,0.4252340793609619,0.8730957508087158,0.5760787129402161,0.256920725107193,0.9105486869812012,0.85427325963974,0.8965845108032227,0.8681156039237976,0.8774253726005554,0.9403325319290161,0.8821151256561279,0.9474844932556152,0.8789491653442383,0.9491977095603943,0.9509319067001343,0.7845691442489624,0.9180020093917847,0.6754247546195984,0.8147018551826477,0.792397141456604,0.9035309553146362,0.8970922231674194,0.8192087411880493,0.8776814341545105,0.6384407877922058,0.9339941740036011,0.5857673287391663,0.7436662316322327,0.9069714546203613,0.7841874361038208,0.8999042510986328,0.9167414903640747,0.8499521017074585,0.7301089763641357,0.8918076157569885,0.8773688077926636,0.8698174953460693,0.7733151912689209,0.8759852051734924,0.8650625944137573,0.691860020160675,0.9442006349563599,0.8368963599205017,0.45858752727508545,0.8632457852363586,0.7637424468994141,0.9111766815185547,0.8294124603271484,0.6274666786193848,0.8826009035110474,0.2815476953983307,0.6187291741371155,0.4641982316970825,0.7092730402946472,0.6166449785232544,0.8428250551223755,0.7588966488838196,0.7387480139732361,0.7731501460075378,0.5990746021270752,0.9512919783592224,0.9031996130943298,0.3919329345226288,0.6902353167533875,0.566238284111023,0.8293700814247131,0.7670727372169495,0.8752532005310059,0.9186699986457825,0.8711747527122498,0.9197177886962891,0.9180936813354492,0.9112497568130493,0.9235631823539734,0.7941070199012756,0.8619452714920044,0.8795209527015686,0.8726400136947632,0.46091192960739136,0.4634722173213959,0.9135347008705139,0.3842828571796417,0.8833456635475159,0.8592907786369324,0.9229195713996887,0.9189100861549377,0.5074171423912048,0.7495189905166626,0.7002458572387695,0.7095853686332703,0.9194464087486267,0.8553524017333984,0.9443783760070801,0.8062132000923157,0.7220154404640198,0.7978929877281189,0.8516086935997009,0.9000399112701416,0.8954488635063171,0.6890950202941895,0.30519700050354004,0.4168180227279663,0.8832667469978333,0.904137372970581,0.9469363689422607,0.6747227311134338,0.8878269195556641,0.923890233039856,0.8837149143218994,0.89484041929245,0.9090786576271057,0.7571213841438293,0.9175778031349182,0.9462750554084778,0.6955781579017639,0.7918459177017212,0.6853988170623779,0.8349261283874512,0.7831291556358337,0.8586991429328918,0.9056856632232666,0.8988224864006042,0.8434857726097107,0.8665757179260254,0.6334049701690674,0.7074114680290222,0.9487499594688416,0.8793978095054626,0.7493077516555786,0.8801563382148743,0.8950146436691284,0.9125517010688782,0.85857093334198,0.9074950218200684,0.9371261596679688,0.9128629565238953,0.9127007722854614,0.6679462194442749,0.8766075968742371,0.6267070770263672,0.8897423148155212,0.9318800568580627,0.921822190284729,0.9097597599029541,0.9421985745429993,0.8848308324813843,0.5676971673965454,0.697278618812561,0.8708747029304504,0.6825957298278809,0.7056359648704529
meis2,0.9021905064582825,0.9018175005912781,0.8603907823562622,0.907187819480896,0.5730871558189392,0.5212035775184631,0.9306528568267822,0.9142777323722839,0.9492143988609314,0.9246289134025574,0.8877018690109253,0.9099297523498535,0.825598955154419,0.7425690293312073,0.9347244501113892,0.9057438373565674,0.9051818251609802,0.8765695095062256,0.9524626135826111,0.8847407102584839,0.9015017151832581,0.8591774106025696,0.9349988698959351,0.9040721654891968,0.9185263514518738,0.9347749948501587,0.9341354370117188,0.9481582045555115,0.9514702558517456,0.948273241519928,0.9175813794136047,0.93827223777771,0.9135973453521729,0.9501898884773254,0.9125716686248779,0.9053696393966675,0.8808845281600952,0.9295990467071533,0.9283725023269653,0.928112268447876,0.9500690698623657,0.8762609362602234,0.7175667881965637,0.7790319323539734,0.9027747511863708,0.9375095963478088,0.9443395733833313,0.8483787775039673,0.894018828868866,0.9095937013626099,0.9135264158248901,0.3310871720314026,0.9069142937660217,0.7932885885238647,0.5203278660774231,0.9398356080055237,0.9041840434074402,0.9308682680130005,0.9071605801582336,0.9162091016769409,0.946617066860199,0.9143100380897522,0.9518860578536987,0.9143462777137756,0.9522828459739685,0.9551653861999512,0.8468804359436035,0.9389142990112305,0.8511234521865845,0.9032042622566223,0.8744653463363647,0.9247465133666992,0.9236176609992981,0.8646056652069092,0.8978378772735596,0.7910218834877014,0.9373727440834045,0.6870360374450684,0.8682435750961304,0.9292765259742737,0.8309274315834045,0.9289743900299072,0.9356845021247864,0.9024161696434021,0.877639651298523,0.9224260449409485,0.9038248658180237,0.8938604593276978,0.8794366121292114,0.9191290736198425,0.9160641431808472,0.861268937587738,0.949417233467102,0.8896270990371704,0.49542269110679626,0.9095243811607361,0.865147590637207,0.9410017132759094,0.8911985754966736,0.7753496766090393,0.9193620681762695,0.5489614605903625,0.7370489835739136,0.6198925375938416,0.8941542506217957,0.8168328404426575,0.9052579402923584,0.8692171573638916,0.8066544532775879,0.872599720954895,0.7474358677864075,0.9524264931678772,0.9293755888938904,0.324537456035614,0.8442033529281616,0.7373751997947693,0.8857622742652893,0.8631525039672852,0.9084896445274353,0.941065788269043,0.9021588563919067,0.9505232572555542,0.941400408744812,0.9358518123626709,0.93028324842453,0.8775413036346436,0.9178898334503174,0.9089782238006592,0.8982669711112976,0.6201082468032837,0.6592605113983154,0.9323258996009827,0.4461595416069031,0.9168605804443359,0.904621422290802,0.9360664486885071,0.9374523758888245,0.7774684429168701,0.861312985420227,0.8655073642730713,0.828777551651001,0.9389104247093201,0.9083975553512573,0.9500320553779602,0.8878532648086548,0.8670694231987,0.8890843987464905,0.9011265635490417,0.9230169653892517,0.9194822907447815,0.7939392328262329,0.43300503492355347,0.5249977111816406,0.9090855717658997,0.9292109608650208,0.9503394365310669,0.8409368991851807,0.9178776741027832,0.9378096461296082,0.9145463705062866,0.9162188172340393,0.9355798363685608,0.8563001155853271,0.9348644614219666,0.9510201215744019,0.8391184210777283,0.8645074367523193,0.8376075625419617,0.9065789580345154,0.8775191903114319,0.8914722800254822,0.9341042041778564,0.9209285974502563,0.8902627229690552,0.9068163633346558,0.8217724561691284,0.8662855625152588,0.9519269466400146,0.9108102321624756,0.87290358543396,0.9090674519538879,0.920292317867279,0.9350871443748474,0.903688907623291,0.9320191740989685,0.9443972706794739,0.9334004521369934,0.9315186738967896,0.8339047431945801,0.9089504480361938,0.8274403810501099,0.9244940876960754,0.9505441188812256,0.9317662715911865,0.9302846193313599,0.9481140971183777,0.9155183434486389,0.7606557011604309,0.8746799826622009,0.9106298089027405,0.8457769155502319,0.8549723029136658
myc,0.8551992177963257,0.8658257126808167,0.8465297818183899,0.8711344003677368,0.5324903726577759,0.4392205476760864,0.9038633108139038,0.8861780762672424,0.9414424300193787,0.8982522487640381,0.8504430651664734,0.875300407409668,0.6813051700592041,0.5811156630516052,0.9076874852180481,0.8728848099708557,0.8729715347290039,0.8068751692771912,0.9447423219680786,0.8176829218864441,0.8786218762397766,0.795937716960907,0.9156004786491394,0.8670551180839539,0.8829723596572876,0.9061560034751892,0.9135993719100952,0.928699791431427,0.9462363719940186,0.9420273900032043,0.8766403794288635,0.9143698215484619,0.882266104221344,0.941529393196106,0.8768505454063416,0.8711917996406555,0.808597981929779,0.9045623540878296,0.9012393355369568,0.9003159999847412,0.94110107421875,0.8311235308647156,0.5838764905929565,0.6800550222396851,0.8671321868896484,0.9117237329483032,0.9398272037506104,0.8037785887718201,0.8479680418968201,0.8807693719863892,0.8787001967430115,0.281857967376709,0.8707531690597534,0.6433294415473938,0.39141055941581726,0.9143704175949097,0.8693631887435913,0.8972445726394653,0.8699919581413269,0.8802289366722107,0.9361366033554077,0.8778914213180542,0.9441314339637756,0.8789282441139221,0.9456716775894165,0.9498992562294006,0.8013548254966736,0.9184747338294983,0.7855756878852844,0.8593154549598694,0.8297249674797058,0.9005638360977173,0.8992533087730408,0.8105930685997009,0.8586859107017517,0.6643633842468262,0.9361530542373657,0.5845112204551697,0.8163024187088013,0.9022303223609924,0.7881785035133362,0.8978119492530823,0.9108952283859253,0.8659133911132812,0.8189308047294617,0.8950173258781433,0.865104079246521,0.8655615448951721,0.8247026205062866,0.8850617408752441,0.876903235912323,0.7624883055686951,0.9407488107681274,0.8362625241279602,0.4405291974544525,0.8772530555725098,0.8098234534263611,0.9175652265548706,0.8670475482940674,0.6931551694869995,0.8821986317634583,0.3689461350440979,0.6938655972480774,0.5060247778892517,0.8062188029289246,0.7031334042549133,0.844706654548645,0.8148317933082581,0.8013580441474915,0.8108372688293457,0.5782240033149719,0.9477106928825378,0.900150716304779,0.27278533577919006,0.7795563340187073,0.6829587817192078,0.8439933657646179,0.7997756600379944,0.88541579246521,0.9211269021034241,0.8603864908218384,0.9257704615592957,0.9215871691703796,0.9057949781417847,0.9307926893234253,0.8204494118690491,0.8792514204978943,0.8741118311882019,0.8603464961051941,0.5230765342712402,0.5148406624794006,0.9117884635925293,0.30514582991600037,0.8868634104728699,0.8665477633476257,0.9172306656837463,0.9122897386550903,0.6694192886352539,0.800011396408081,0.7779871821403503,0.7755821943283081,0.9157571196556091,0.8796166181564331,0.9415808916091919,0.8527388572692871,0.794584333896637,0.8424447178840637,0.8570786118507385,0.8933513760566711,0.8946801424026489,0.7419729828834534,0.33773496747016907,0.36886531114578247,0.8734177350997925,0.8988216519355774,0.9447890520095825,0.7743068337440491,0.8792750239372253,0.9185267090797424,0.875987708568573,0.887302577495575,0.9080682992935181,0.7966225743293762,0.9124048352241516,0.9423261284828186,0.7812643051147461,0.8047908544540405,0.7194774150848389,0.8626018166542053,0.8302779793739319,0.8502508401870728,0.9138281345367432,0.8946248292922974,0.8464434742927551,0.881405234336853,0.6665500998497009,0.7758806943893433,0.9479309916496277,0.874321699142456,0.8135131001472473,0.8709576725959778,0.8886435627937317,0.9070643186569214,0.8738452196121216,0.9059245586395264,0.9321449398994446,0.9076115489006042,0.9090706706047058,0.7310890555381775,0.8702548742294312,0.7368438243865967,0.8998298645019531,0.935335099697113,0.913494884967804,0.904302179813385,0.9374374151229858,0.8822139501571655,0.6487733125686646,0.8028099536895752,0.8941539525985718,0.750214159488678,0.7762718796730042
peg3,0.9349079132080078,0.9361433982849121,0.9188311696052551,0.9364048838615417,0.915974497795105,0.8920630812644958,0.9392862915992737,0.9398574829101562,0.9356564283370972,0.9330099821090698,0.9401686787605286,0.9380245208740234,0.9283724427223206,0.8749305009841919,0.9439797401428223,0.9263750910758972,0.9228634238243103,0.9322459101676941,0.9447177648544312,0.9331099390983582,0.9364525675773621,0.9316255450248718,0.9337807297706604,0.9282076358795166,0.93280428647995,0.9388050436973572,0.9318507313728333,0.9425743222236633,0.9424462914466858,0.9384370446205139,0.9331977367401123,0.9427329301834106,0.9351328015327454,0.9401891231536865,0.9391914010047913,0.9215431213378906,0.9405835866928101,0.9397817850112915,0.9382826089859009,0.942177951335907,0.9405010342597961,0.9320586323738098,0.9218329787254333,0.9269105195999146,0.9376648664474487,0.9432984590530396,0.9442782402038574,0.9288057088851929,0.9249259233474731,0.9322238564491272,0.9377121925354004,0.9325604438781738,0.9385712146759033,0.8957920670509338,0.8822845220565796,0.9444133639335632,0.936607837677002,0.9375208020210266,0.9382686018943787,0.9366641044616699,0.9335469007492065,0.9355296492576599,0.9424203634262085,0.9388094544410706,0.9423164129257202,0.9471459984779358,0.9281889796257019,0.9387721419334412,0.9283115863800049,0.9319553971290588,0.9322376251220703,0.9421895146369934,0.9375845193862915,0.9239298701286316,0.9154872894287109,0.8697696328163147,0.9341928362846375,0.9009420275688171,0.9159358143806458,0.9395574927330017,0.929416835308075,0.9416775703430176,0.9422996640205383,0.9300591349601746,0.9320730566978455,0.939216136932373,0.9221158623695374,0.9401212334632874,0.9374540448188782,0.9360194206237793,0.9310653209686279,0.9365226030349731,0.9356920123100281,0.9327673316001892,0.844097912311554,0.9410613775253296,0.9337152242660522,0.9371170401573181,0.9353947639465332,0.9275415539741516,0.9379994869232178,0.9063447117805481,0.8688408732414246,0.9048824906349182,0.9417551755905151,0.9258813261985779,0.9351310729980469,0.922816812992096,0.8856390118598938,0.9287314414978027,0.9325068593025208,0.9450759887695312,0.9399972558021545,0.901654839515686,0.9379957914352417,0.8951327800750732,0.934168815612793,0.9273486137390137,0.9438191652297974,0.9412491321563721,0.935692310333252,0.9346155524253845,0.9433634877204895,0.936933696269989,0.9345794916152954,0.9365241527557373,0.9298930764198303,0.9236742258071899,0.9372104406356812,0.8860617280006409,0.9132479429244995,0.9411759376525879,0.8634368181228638,0.9367710947990417,0.9305179119110107,0.9409329295158386,0.9434182643890381,0.9228789806365967,0.9304513335227966,0.9295222163200378,0.926692008972168,0.9414505958557129,0.9289666414260864,0.9373591542243958,0.9312388300895691,0.9366415739059448,0.9132580161094666,0.9336539506912231,0.9382451772689819,0.9389601349830627,0.9303497076034546,0.8762496709823608,0.8904098272323608,0.9363953471183777,0.9402092695236206,0.9417142868041992,0.9364951252937317,0.9391778707504272,0.9444407820701599,0.9395182728767395,0.9389019012451172,0.9398208856582642,0.9282822012901306,0.939766526222229,0.9349365830421448,0.926409125328064,0.9284375905990601,0.9116508364677429,0.9365575313568115,0.9249325394630432,0.9168016910552979,0.9173705577850342,0.9279197454452515,0.933740496635437,0.9424744844436646,0.894066572189331,0.9167680144309998,0.9450585246086121,0.9382318258285522,0.9356825947761536,0.9323734641075134,0.926196277141571,0.9412533640861511,0.9289311766624451,0.9407066702842712,0.9039273858070374,0.942327082157135,0.9400428533554077,0.917256236076355,0.938185453414917,0.9373494982719421,0.9431433081626892,0.9419851899147034,0.912544846534729,0.9397045373916626,0.935825526714325,0.9386010766029358,0.9163040518760681,0.943071722984314,0.9326702952384949,0.9131335020065308,0.9199967980384827
prrx1,0.9084485173225403,0.8855977058410645,0.8926781415939331,0.8888296484947205,0.7051800489425659,0.628241777420044,0.9171121120452881,0.9014697670936584,0.9502404928207397,0.9393117427825928,0.904262900352478,0.8941709995269775,0.8663826584815979,0.8097483515739441,0.9203277230262756,0.8867542147636414,0.8885120153427124,0.9027693867683411,0.9528842568397522,0.9178958535194397,0.9200333952903748,0.8559715151786804,0.9435428977012634,0.9053886532783508,0.9194522500038147,0.9212800860404968,0.9416635036468506,0.9398531913757324,0.9547923803329468,0.949472963809967,0.9311862587928772,0.9281913042068481,0.9139142632484436,0.9543361663818359,0.8994857668876648,0.8886221051216125,0.9188956022262573,0.9193103909492493,0.9105256199836731,0.9134358167648315,0.9531757235527039,0.8902572393417358,0.8225697875022888,0.8512479066848755,0.8853464722633362,0.9281944036483765,0.9541976451873779,0.8489201664924622,0.9236721992492676,0.9102178812026978,0.8936232924461365,0.3603247404098511,0.8924601674079895,0.8393943905830383,0.5889091491699219,0.9331740140914917,0.9058681130409241,0.9222606420516968,0.8908187747001648,0.9183394312858582,0.9494071006774902,0.8966573476791382,0.9555132985115051,0.900738000869751,0.9539288282394409,0.9591473937034607,0.8448895812034607,0.9300448894500732,0.8994899988174438,0.9263419508934021,0.91446453332901,0.9149826169013977,0.915043294429779,0.8762966990470886,0.882387101650238,0.8358421325683594,0.9455162882804871,0.7463663220405579,0.9095084071159363,0.9196736216545105,0.8707804083824158,0.913241982460022,0.9249095916748047,0.9198722243309021,0.9154258370399475,0.9160541296005249,0.8855735659599304,0.899243175983429,0.9039713144302368,0.9253138899803162,0.9180658459663391,0.9020833969116211,0.9488824009895325,0.9047799110412598,0.4555217921733856,0.9124844074249268,0.8989569544792175,0.9355933666229248,0.9102656841278076,0.8484529256820679,0.9096639752388,0.6070646643638611,0.8125792145729065,0.6269544363021851,0.9138247966766357,0.8695628046989441,0.9091151356697083,0.8996055722236633,0.8466587662696838,0.8890878558158875,0.8502022624015808,0.9556679725646973,0.9148454070091248,0.32188260555267334,0.898418664932251,0.8579249382019043,0.9025432467460632,0.8679338097572327,0.9221383929252625,0.9303175210952759,0.8876863718032837,0.9533528685569763,0.9290951490402222,0.9399357438087463,0.940100371837616,0.8890501856803894,0.9212848544120789,0.8903037309646606,0.884947657585144,0.7150058746337891,0.7199097275733948,0.918168306350708,0.38061684370040894,0.9044826626777649,0.9039698839187622,0.9276037216186523,0.9286624789237976,0.8082391023635864,0.8866831660270691,0.8974860906600952,0.8476980328559875,0.9259122014045715,0.9232296943664551,0.9498061537742615,0.9070374369621277,0.8931193351745605,0.9116066694259644,0.8968678712844849,0.9071595668792725,0.9075396656990051,0.846882700920105,0.5441433191299438,0.6056272983551025,0.8970763683319092,0.9277835488319397,0.9520658850669861,0.9021701216697693,0.9034134745597839,0.9319849014282227,0.8927252292633057,0.8995298743247986,0.9243850111961365,0.8555975556373596,0.9224105477333069,0.951484203338623,0.8793811798095703,0.8646560907363892,0.8950980305671692,0.9286305904388428,0.8997675776481628,0.8760027885437012,0.9504258632659912,0.9045860171318054,0.8952054977416992,0.911738932132721,0.8386868834495544,0.8842607140541077,0.957297682762146,0.8939219117164612,0.9026146531105042,0.9026443362236023,0.901323676109314,0.9227483868598938,0.9127551913261414,0.9218167662620544,0.8847922086715698,0.9169778823852539,0.9149566292762756,0.9095591902732849,0.8893088698387146,0.8854416012763977,0.91254723072052,0.9467281699180603,0.9295014142990112,0.9181656837463379,0.9519919157028198,0.899381160736084,0.8256739377975464,0.9109042882919312,0.9248109459877014,0.8601836562156677,0.8923044800758362
prrx2,0.9019973874092102,0.8782675266265869,0.8862080574035645,0.8802915215492249,0.6734649538993835,0.5624638199806213,0.9140039682388306,0.8960784673690796,0.9500570893287659,0.9373775124549866,0.8997870087623596,0.8892036080360413,0.859343945980072,0.8078739643096924,0.9167372584342957,0.879740297794342,0.8810338377952576,0.9041250944137573,0.9520040154457092,0.9110159277915955,0.9106510877609253,0.8356037139892578,0.9433106780052185,0.8949229717254639,0.9193297028541565,0.9197897911071777,0.9422340393066406,0.9396660327911377,0.9542056322097778,0.9452097415924072,0.9256967902183533,0.9245048761367798,0.9071659445762634,0.9489359259605408,0.8959607481956482,0.8803524971008301,0.9165393710136414,0.9184751510620117,0.9080960154533386,0.9126595258712769,0.9491367340087891,0.8763140439987183,0.786387026309967,0.8237396478652954,0.8804497122764587,0.927181601524353,0.9511680603027344,0.8318790197372437,0.9207144379615784,0.9026969075202942,0.890319287776947,0.33685773611068726,0.8885362148284912,0.838526725769043,0.5307162404060364,0.9321414232254028,0.901174783706665,0.9188264608383179,0.8884140253067017,0.9158921837806702,0.9448170065879822,0.8897626996040344,0.9506222009658813,0.8963448405265808,0.9535998106002808,0.9590290784835815,0.8302063345909119,0.9288722276687622,0.891328752040863,0.9192063212394714,0.8976622819900513,0.9109309911727905,0.9127189517021179,0.8575282692909241,0.874146044254303,0.8749057054519653,0.9467660784721375,0.6860173940658569,0.9092606902122498,0.9149963855743408,0.8483331799507141,0.9090579152107239,0.9230680465698242,0.9177672863006592,0.9069154858589172,0.9165459275245667,0.8791328072547913,0.8935100436210632,0.8949453234672546,0.9243210554122925,0.9136462211608887,0.8994989991188049,0.9490272998809814,0.9014018774032593,0.4224380850791931,0.9005069136619568,0.9026963114738464,0.9356139302253723,0.9050113558769226,0.8326117396354675,0.9068738222122192,0.534176230430603,0.7873383164405823,0.6148859858512878,0.9130135774612427,0.8618026971817017,0.9073038101196289,0.8950161933898926,0.8742811679840088,0.878219723701477,0.8607828617095947,0.9557103514671326,0.9099521636962891,0.34669947624206543,0.89579838514328,0.8717288970947266,0.8933055400848389,0.8567809462547302,0.9187238812446594,0.9324590563774109,0.8811821937561035,0.9525681138038635,0.9292670488357544,0.9372689723968506,0.9390968084335327,0.8692058324813843,0.9127528071403503,0.8848345875740051,0.8762879371643066,0.7362427115440369,0.7011374831199646,0.916512131690979,0.40465015172958374,0.8977860808372498,0.9017276167869568,0.9270828366279602,0.9292453527450562,0.8109351396560669,0.8673442006111145,0.8749748468399048,0.8113602995872498,0.9243192076683044,0.9137853384017944,0.9498975276947021,0.9021552801132202,0.8924446105957031,0.9051233530044556,0.8862327933311462,0.9017901420593262,0.9035831093788147,0.8278036713600159,0.529681384563446,0.6177546381950378,0.8909980654716492,0.9256842136383057,0.9522573351860046,0.9025816321372986,0.9022065997123718,0.9310282468795776,0.8889895677566528,0.8941558599472046,0.9248124957084656,0.8450236320495605,0.9202263951301575,0.9507023692131042,0.8461528420448303,0.8385751247406006,0.8901739716529846,0.9239680767059326,0.8911066651344299,0.8661432862281799,0.9507206082344055,0.8998653888702393,0.8881078958511353,0.907142698764801,0.8668496608734131,0.8811290860176086,0.9570339322090149,0.8877354264259338,0.9018455147743225,0.8972560167312622,0.8971852660179138,0.9210148453712463,0.9099960327148438,0.9193832278251648,0.9420318603515625,0.9134262800216675,0.9145800471305847,0.9079116582870483,0.8852077126502991,0.8787240982055664,0.9138151407241821,0.9451158046722412,0.9310157895088196,0.9156834483146667,0.9467573165893555,0.8941132426261902,0.8099337220191956,0.9170721173286438,0.9203698635101318,0.8206879496574402,0.8773841261863708
rarb,0.9141968488693237,0.9075497984886169,0.8913465142250061,0.9100353121757507,0.8239865303039551,0.7948613166809082,0.923048734664917,0.913531482219696,0.9298906922340393,0.9287769794464111,0.9081702828407288,0.9141362905502319,0.8593891859054565,0.8132360577583313,0.9251695871353149,0.9081893563270569,0.9097275733947754,0.8995562195777893,0.931032121181488,0.8999241590499878,0.915825605392456,0.8962786793708801,0.9379506707191467,0.913734495639801,0.9258667230606079,0.92219078540802,0.9371287822723389,0.93475341796875,0.9344487190246582,0.9213471412658691,0.9199015498161316,0.9291543364524841,0.9108226299285889,0.9257786273956299,0.9146201610565186,0.9101114273071289,0.9011380672454834,0.9223219752311707,0.9199867248535156,0.9211689233779907,0.9261875152587891,0.8959046602249146,0.8530389666557312,0.8804501891136169,0.9079627394676208,0.9306930303573608,0.9370700716972351,0.8875953555107117,0.9173635244369507,0.9104474782943726,0.9111713767051697,0.763816237449646,0.9109653234481812,0.8535245060920715,0.8167869448661804,0.9338738918304443,0.9142712950706482,0.9193909764289856,0.9082812070846558,0.9217952489852905,0.9183527827262878,0.9122282266616821,0.9271730184555054,0.9125024080276489,0.9323856830596924,0.9391915202140808,0.8881389498710632,0.92564857006073,0.8964794278144836,0.9097519516944885,0.8972001671791077,0.9229590892791748,0.9194334149360657,0.8930465579032898,0.9097726941108704,0.8581438660621643,0.9277044534683228,0.8040539622306824,0.907694935798645,0.921642541885376,0.8838155269622803,0.9217766523361206,0.927745521068573,0.9189232587814331,0.9001356363296509,0.9204332828521729,0.9086930155754089,0.9198495149612427,0.9098473787307739,0.9219313263893127,0.9133836627006531,0.8992433547973633,0.9287406206130981,0.9165928959846497,0.6890533566474915,0.9169867634773254,0.9000478386878967,0.9316349625587463,0.9139639735221863,0.8898929357528687,0.9193633794784546,0.8524497747421265,0.8044685125350952,0.7181244492530823,0.9108697772026062,0.8646858334541321,0.9079673886299133,0.8898995518684387,0.828289806842804,0.8919281959533691,0.8917747735977173,0.9342147707939148,0.923309326171875,0.7184880375862122,0.8970128893852234,0.8532641530036926,0.9038488864898682,0.8991744518280029,0.9230303764343262,0.9312760829925537,0.9083918333053589,0.9439165592193604,0.9313178658485413,0.9327453374862671,0.8995686173439026,0.9074739813804626,0.9165914058685303,0.9129498600959778,0.9093636870384216,0.8249937891960144,0.8125813007354736,0.9247282147407532,0.6827628016471863,0.9155890941619873,0.9109868407249451,0.9310295581817627,0.929374098777771,0.8525729179382324,0.8801508545875549,0.8895487189292908,0.8878047466278076,0.9268035292625427,0.9226171970367432,0.9298621416091919,0.9030302166938782,0.9154989719390869,0.8975776433944702,0.9077576994895935,0.9186584949493408,0.9171156883239746,0.8743483424186707,0.7481966018676758,0.8059629201889038,0.9112770557403564,0.9280479550361633,0.9344480037689209,0.894881546497345,0.9180988073348999,0.9327895641326904,0.9119448661804199,0.915137529373169,0.926341712474823,0.8830084800720215,0.9252662062644958,0.9309445023536682,0.8842723369598389,0.8869818449020386,0.8541125059127808,0.9242873191833496,0.8837937712669373,0.9066683650016785,0.9199305772781372,0.9187794327735901,0.9083406925201416,0.9153420925140381,0.8682023286819458,0.852128803730011,0.936491847038269,0.9128948450088501,0.9125424027442932,0.913699746131897,0.9166900515556335,0.9268203377723694,0.9064401984214783,0.9222415089607239,0.9160571098327637,0.9234362840652466,0.9223378896713257,0.8856896758079529,0.9111577868461609,0.8722980618476868,0.9210593700408936,0.9366251826286316,0.9062933921813965,0.9225062727928162,0.9205488562583923,0.913863480091095,0.8505198359489441,0.9045510292053223,0.9218090772628784,0.8950693607330322,0.8677414655685425
rarg,0.8648766279220581,0.8658485412597656,0.8116063475608826,0.8748283982276917,0.4996113181114197,0.5211061835289001,0.9065867066383362,0.8835563659667969,0.9420759677886963,0.8885967135429382,0.8400171399116516,0.8752679228782654,0.7173396944999695,0.6667660474777222,0.9088666439056396,0.873734712600708,0.8744048476219177,0.7625937461853027,0.9446960687637329,0.7681185007095337,0.8672525882720947,0.7881290912628174,0.9048349261283875,0.8609682321548462,0.87488853931427,0.9049755334854126,0.9135803580284119,0.9265597462654114,0.9474150538444519,0.9367132186889648,0.8778930902481079,0.9194771647453308,0.8714640140533447,0.9369997382164001,0.8819978833198547,0.8737520575523376,0.807532787322998,0.9040238261222839,0.9012728929519653,0.9001142978668213,0.9361133575439453,0.8247736096382141,0.623492956161499,0.6656944751739502,0.8698202967643738,0.9089598059654236,0.9346065521240234,0.761833131313324,0.8560755252838135,0.8480090498924255,0.8853914141654968,0.29959118366241455,0.8692955374717712,0.6777833104133606,0.3879895806312561,0.9151100516319275,0.8572174310684204,0.8928996920585632,0.862626850605011,0.88295978307724,0.9303931593894958,0.8851447701454163,0.9383504390716553,0.8773549199104309,0.9448643922805786,0.9487416744232178,0.7907263040542603,0.9191079139709473,0.7324810028076172,0.8359374403953552,0.8357863426208496,0.89747154712677,0.8949289917945862,0.8151845932006836,0.8611183762550354,0.7036916017532349,0.9328082203865051,0.5910115242004395,0.7787497043609619,0.9002119302749634,0.7735228538513184,0.9008253216743469,0.9133122563362122,0.8597120046615601,0.7953689098358154,0.886264443397522,0.8665271997451782,0.8715386986732483,0.7949381470680237,0.881282389163971,0.8767473101615906,0.7909142971038818,0.9416126608848572,0.8594391345977783,0.41210150718688965,0.8811836242675781,0.7944753170013428,0.9186056852340698,0.8408203125,0.6667943596839905,0.8791523575782776,0.3645082712173462,0.6292245984077454,0.5088494420051575,0.7759149074554443,0.7313030958175659,0.8587663173675537,0.8105359673500061,0.7951194643974304,0.7999984622001648,0.6067057251930237,0.9489230513572693,0.9001857042312622,0.27233225107192993,0.7106688022613525,0.6661561131477356,0.8309800624847412,0.7850422263145447,0.8843434453010559,0.9172461628913879,0.8639899492263794,0.9233201146125793,0.9166471362113953,0.9109287261962891,0.923322856426239,0.8150522112846375,0.8675928711891174,0.8765637278556824,0.8712127804756165,0.4929661750793457,0.5499536395072937,0.9083698987960815,0.34109359979629517,0.8768933415412903,0.8543355464935303,0.9165922999382019,0.9124884009361267,0.6892315149307251,0.7822583913803101,0.7570369243621826,0.7503296136856079,0.9147952198982239,0.8698745965957642,0.9415739178657532,0.8070523738861084,0.7711496949195862,0.8455523252487183,0.8609546422958374,0.892203688621521,0.8905017971992493,0.7061653733253479,0.44468364119529724,0.4477821886539459,0.8763429522514343,0.9045314788818359,0.9448881149291992,0.7733550071716309,0.8845832347869873,0.9215801954269409,0.8815717101097107,0.8819944858551025,0.9117400050163269,0.7870369553565979,0.9093074798583984,0.943693220615387,0.7550105452537537,0.7962658405303955,0.7173050045967102,0.8638550043106079,0.8105324506759644,0.8543561697006226,0.9132970571517944,0.8894882202148438,0.8401223421096802,0.8689609169960022,0.6601642966270447,0.7777333855628967,0.94822758436203,0.8723855018615723,0.8186786770820618,0.8649517893791199,0.8891392350196838,0.9153596758842468,0.8707481026649475,0.9093297719955444,0.9270275235176086,0.9041627645492554,0.9046269059181213,0.7111724019050598,0.8732399940490723,0.7227396965026855,0.893100380897522,0.9357509613037109,0.9106948375701904,0.9003082513809204,0.932604193687439,0.8848580121994019,0.6752962470054626,0.7769181728363037,0.8853374719619751,0.7395912408828735,0.7449467182159424
six1,0.8887327313423157,0.8645277619361877,0.8668026924133301,0.8675768971443176,0.6334237456321716,0.5467547178268433,0.8997488617897034,0.8810147047042847,0.9451147317886353,0.929987370967865,0.8787652850151062,0.8762190937995911,0.835594654083252,0.7632022500038147,0.9070238471031189,0.8645862340927124,0.8686808943748474,0.8752505779266357,0.9472682476043701,0.8955772519111633,0.8954299688339233,0.8243786692619324,0.9390357136726379,0.8818522691726685,0.9106919169425964,0.9068513512611389,0.9387062788009644,0.9289983510971069,0.9499536156654358,0.9386633634567261,0.9149925708770752,0.9151453971862793,0.8961784839630127,0.9414752721786499,0.8783636093139648,0.8656706213951111,0.9025907516479492,0.903963029384613,0.8926631212234497,0.8983345627784729,0.9422698020935059,0.8614559173583984,0.7636510729789734,0.8063575625419617,0.8647807240486145,0.9176968336105347,0.9491982460021973,0.8124693036079407,0.9098866581916809,0.8874451518058777,0.8755800127983093,0.35378846526145935,0.8711403012275696,0.8092713952064514,0.49641627073287964,0.9222256541252136,0.8898453116416931,0.9063681960105896,0.8693798780441284,0.9029004573822021,0.9376751780509949,0.8749396204948425,0.9427646994590759,0.8774409294128418,0.9485790729522705,0.9554214477539062,0.8112791776657104,0.9177989363670349,0.8728563785552979,0.9060227274894714,0.8850060701370239,0.8976901173591614,0.9000200629234314,0.8371074795722961,0.857915997505188,0.8275598287582397,0.9411472082138062,0.6806045174598694,0.8933357000350952,0.8998613953590393,0.8160610198974609,0.8967135548591614,0.9098809957504272,0.9036529064178467,0.8990693092346191,0.9022912383079529,0.8646745085716248,0.8799927234649658,0.8790463805198669,0.913282036781311,0.9017054438591003,0.8829731941223145,0.9438246488571167,0.8894557356834412,0.43728265166282654,0.8879919052124023,0.8932874798774719,0.9233023524284363,0.8944084048271179,0.8162743449211121,0.8925795555114746,0.5318782925605774,0.7635233402252197,0.5502435564994812,0.8945473432540894,0.8355594873428345,0.8923256397247314,0.8802568912506104,0.8672748804092407,0.8571139574050903,0.8478015661239624,0.9515765905380249,0.8977011442184448,0.3517516255378723,0.878662645816803,0.8381829857826233,0.8798614740371704,0.8305476903915405,0.908047080039978,0.9211991429328918,0.8650864362716675,0.9474957585334778,0.9184090495109558,0.9289079308509827,0.9343986511230469,0.8542696237564087,0.903113603591919,0.8700907230377197,0.8621309995651245,0.6828380227088928,0.6466386914253235,0.9021076560020447,0.3858831524848938,0.883775532245636,0.8858133554458618,0.9145165681838989,0.9174724817276001,0.7719321250915527,0.8460585474967957,0.855410099029541,0.801502525806427,0.9127064347267151,0.9026613831520081,0.9442425966262817,0.8825876116752625,0.8769035935401917,0.8899648785591125,0.8744713068008423,0.8883207440376282,0.890020489692688,0.8050963282585144,0.4600382149219513,0.566989004611969,0.8733973503112793,0.9136567711830139,0.9480715394020081,0.8808122873306274,0.8850983381271362,0.922937273979187,0.8735185265541077,0.879993200302124,0.9106623530387878,0.8226422667503357,0.9072377681732178,0.9458792805671692,0.8303174376487732,0.8119732737541199,0.867467999458313,0.9134541749954224,0.8712405562400818,0.8534802198410034,0.9469771981239319,0.8858368992805481,0.8733913898468018,0.8958595991134644,0.8491668105125427,0.847196102142334,0.9524928331375122,0.8715102672576904,0.8887042999267578,0.8843115568161011,0.8813973069190979,0.910103440284729,0.8934745192527771,0.9047272801399231,0.9349420666694641,0.8991214632987976,0.9001255035400391,0.8943103551864624,0.8682023286819458,0.8606342673301697,0.9008640050888062,0.9367971420288086,0.9227488040924072,0.9032995700836182,0.9400318264961243,0.8805064558982849,0.7877887487411499,0.8981094360351562,0.909199059009552,0.8082384467124939,0.8549320101737976
six2,0.9136772751808167,0.9080790281295776,0.8915214538574219,0.9101715683937073,0.8273811936378479,0.7945117354393005,0.9231884479522705,0.9139906764030457,0.9323150515556335,0.9299132823944092,0.9106279611587524,0.9152411818504333,0.8647012710571289,0.8014170527458191,0.9267982840538025,0.9095816612243652,0.9107237458229065,0.9021375179290771,0.9331684112548828,0.9004371762275696,0.9158077239990234,0.894239068031311,0.9379676580429077,0.9143708348274231,0.9276918172836304,0.9225910902023315,0.9377472996711731,0.9345846772193909,0.9373917579650879,0.9223810434341431,0.9214398860931396,0.9301938414573669,0.910551905632019,0.9280725121498108,0.9156383872032166,0.9107701182365417,0.9011701345443726,0.9227868914604187,0.9209056496620178,0.9208000302314758,0.9285567998886108,0.895918607711792,0.8560122847557068,0.8838984370231628,0.9086792469024658,0.9316419959068298,0.9377921223640442,0.8879919648170471,0.9187381863594055,0.9112766981124878,0.9117372632026672,0.7734898328781128,0.9114248156547546,0.8524319529533386,0.8148823976516724,0.934808611869812,0.9149770140647888,0.9208289384841919,0.9077509045600891,0.9200583696365356,0.9206869602203369,0.913272500038147,0.9291977882385254,0.9123300313949585,0.9338975548744202,0.9402182102203369,0.8856440782546997,0.9262832999229431,0.8938522934913635,0.9099397659301758,0.8984339833259583,0.9243732690811157,0.9195976257324219,0.8965673446655273,0.9103070497512817,0.8511973023414612,0.9300030469894409,0.8040508031845093,0.9059199094772339,0.9223828315734863,0.8858411908149719,0.9217590093612671,0.9287089109420776,0.9192689657211304,0.9027576446533203,0.9199535250663757,0.9092848300933838,0.9196419715881348,0.9119771122932434,0.9219993352890015,0.9131605625152588,0.9028364419937134,0.9311630725860596,0.9167683124542236,0.6883721947669983,0.9172705411911011,0.9009156823158264,0.9320902228355408,0.9133884310722351,0.888293445110321,0.9206609725952148,0.8533231616020203,0.7951164245605469,0.7289855480194092,0.9092490673065186,0.8608860373497009,0.9097749590873718,0.8917548060417175,0.8349670767784119,0.8926968574523926,0.8994417786598206,0.9364742040634155,0.9247483015060425,0.7201446890830994,0.8960663676261902,0.8598889708518982,0.904646098613739,0.9017181992530823,0.9228684306144714,0.931858479976654,0.9101328253746033,0.9440159797668457,0.9321831464767456,0.9333867430686951,0.9351627230644226,0.9084702134132385,0.9154712557792664,0.9133020639419556,0.9107539653778076,0.8362225294113159,0.814414381980896,0.9250149130821228,0.683800458908081,0.915908694267273,0.9116466641426086,0.9319893717765808,0.9297007322311401,0.8456994891166687,0.8833797574043274,0.8874726295471191,0.8893976211547852,0.9272239208221436,0.9228737950325012,0.9313456416130066,0.9034069776535034,0.9115037322044373,0.896142303943634,0.9089686274528503,0.9191004633903503,0.9173793196678162,0.8713867664337158,0.7394160032272339,0.8061726093292236,0.9125123023986816,0.9292153716087341,0.9367281794548035,0.8950639367103577,0.9192010164260864,0.9343329071998596,0.9132281541824341,0.9158017039299011,0.927066445350647,0.8857792019844055,0.9261225461959839,0.9324065446853638,0.8824367523193359,0.8866024017333984,0.8568419814109802,0.9246240258216858,0.8864538073539734,0.9070203900337219,0.9389955401420593,0.9192622303962708,0.909626841545105,0.9168002009391785,0.8702455759048462,0.8542060256004333,0.9377052187919617,0.9134108424186707,0.9152030348777771,0.9130570888519287,0.9173995852470398,0.927770733833313,0.9063106179237366,0.9229298233985901,0.9186299443244934,0.9238355755805969,0.9226875305175781,0.8875007033348083,0.9112033247947693,0.8778654336929321,0.9210048317909241,0.9377579689025879,0.9080156087875366,0.9230726361274719,0.9222075939178467,0.914675235748291,0.8545640707015991,0.9079602956771851,0.9216971397399902,0.8937227725982666,0.8664424419403076
snai1,0.9210955500602722,0.9190869927406311,0.9071908593177795,0.9227061867713928,0.7757818102836609,0.7076030373573303,0.9411405920982361,0.9298229813575745,0.930015504360199,0.9407405853271484,0.9202172756195068,0.9267202019691467,0.8695133328437805,0.8358379006385803,0.9434444308280945,0.9237250089645386,0.9225714206695557,0.911628246307373,0.9571878910064697,0.9189403057098389,0.9283875226974487,0.8927674293518066,0.944655179977417,0.926694393157959,0.9316816329956055,0.9438624978065491,0.9422265291213989,0.9521946310997009,0.9417972564697266,0.9566712379455566,0.9305561184883118,0.9447966814041138,0.9273900985717773,0.9580555558204651,0.9279142022132874,0.9213030338287354,0.9259507060050964,0.938240110874176,0.9370424151420593,0.9388993978500366,0.9578343629837036,0.9061838984489441,0.8196712136268616,0.8517056107521057,0.9196859002113342,0.9473457336425781,0.9449156522750854,0.8908553719520569,0.9211258292198181,0.9251618385314941,0.9272027015686035,0.4685187041759491,0.925156831741333,0.8576657176017761,0.6688359975814819,0.9460163712501526,0.9272546768188477,0.93568354845047,0.9220446348190308,0.9320871233940125,0.9555570483207703,0.9289912581443787,0.9595696926116943,0.9290488958358765,0.939802348613739,0.9538060426712036,0.8795056343078613,0.9452158212661743,0.9120997786521912,0.9185276627540588,0.9100422859191895,0.9393646717071533,0.9392660856246948,0.9042202830314636,0.9184517860412598,0.8652620315551758,0.9423757791519165,0.7947690486907959,0.9130156636238098,0.9380818009376526,0.8798076510429382,0.9373853206634521,0.9457792639732361,0.9226862788200378,0.9046357870101929,0.937830924987793,0.9190611243247986,0.9184813499450684,0.9080142378807068,0.9376041293144226,0.936397135257721,0.9027970433235168,0.9314002394676208,0.9165853261947632,0.49402135610580444,0.9251117706298828,0.914459228515625,0.9452539682388306,0.915121853351593,0.8665926456451416,0.9348254203796387,0.7286480069160461,0.8384503722190857,0.745636522769928,0.9125163555145264,0.8770081996917725,0.9244838356971741,0.9069854617118835,0.8423587083816528,0.9056947231292725,0.8722398281097412,0.9468607902526855,0.9389855861663818,0.44417551159858704,0.895800769329071,0.8518031239509583,0.922448456287384,0.9012911915779114,0.9338520169258118,0.9468632340431213,0.9210935235023499,0.954891562461853,0.9464433193206787,0.9467719793319702,0.9313198328018188,0.9076080322265625,0.9313014149665833,0.9237895607948303,0.9189118146896362,0.8000850677490234,0.7813145518302917,0.941417932510376,0.541306734085083,0.9296963214874268,0.927513062953949,0.9439968466758728,0.9453633427619934,0.8489859104156494,0.900446355342865,0.8831352591514587,0.869485080242157,0.9467170834541321,0.9322169423103333,0.9549087882041931,0.9191277623176575,0.9103660583496094,0.9196318984031677,0.9188257455825806,0.9336512088775635,0.9348776936531067,0.8748061656951904,0.6353403925895691,0.6866214871406555,0.9270663261413574,0.9404751658439636,0.9414120316505432,0.9005336761474609,0.931108832359314,0.9474793672561646,0.926681399345398,0.9303414821624756,0.9443557262420654,0.8917826414108276,0.9427129626274109,0.9327552914619446,0.8875925540924072,0.8941344022750854,0.8880202770233154,0.9328793883323669,0.8997179269790649,0.9145767092704773,0.9445847868919373,0.9343414306640625,0.9229837656021118,0.9322080016136169,0.8412147164344788,0.9026660323143005,0.946332573890686,0.925544023513794,0.9169833660125732,0.9256778955459595,0.9309254884719849,0.9441674947738647,0.9211989641189575,0.9431101083755493,0.9536788463592529,0.9415650963783264,0.9419748187065125,0.8799420595169067,0.9234129190444946,0.8882119655609131,0.9395993947982788,0.9536302089691162,0.9466260075569153,0.939685046672821,0.9568462371826172,0.9286797046661377,0.8426128029823303,0.90602046251297,0.9355688691139221,0.8880318999290466,0.8920291066169739
snai2,0.8727791905403137,0.856582522392273,0.8528608679771423,0.8574110865592957,0.6212641596794128,0.5396652817726135,0.888540506362915,0.8694411516189575,0.9416012763977051,0.9170458316802979,0.8616441488265991,0.8692370653152466,0.7968273758888245,0.7339233756065369,0.8962504863739014,0.8573802709579468,0.8607453107833862,0.8666905164718628,0.9438327550888062,0.8719742894172668,0.880993127822876,0.8062493205070496,0.9319643974304199,0.8647904992103577,0.8940858840942383,0.8928385972976685,0.9286104440689087,0.9211848974227905,0.9463015198707581,0.932710587978363,0.9036937952041626,0.9017463326454163,0.8813720941543579,0.9385814070701599,0.8661574721336365,0.857701301574707,0.8816683292388916,0.8923342227935791,0.8815471529960632,0.8857722878456116,0.9388440251350403,0.8445549011230469,0.7335848808288574,0.7772960662841797,0.8559983372688293,0.9081150889396667,0.9461222290992737,0.7851864695549011,0.8934576511383057,0.8733663558959961,0.8665544986724854,0.3737722933292389,0.8558681607246399,0.7769773602485657,0.49774640798568726,0.911559522151947,0.8720759153366089,0.8949914574623108,0.8572320342063904,0.887832760810852,0.934222400188446,0.8658425211906433,0.9395139217376709,0.8662914633750916,0.9453139305114746,0.9518243670463562,0.7918344736099243,0.9081801176071167,0.8559950590133667,0.8921810388565063,0.8643701672554016,0.8884980082511902,0.8854067325592041,0.8227443695068359,0.850695013999939,0.8093191981315613,0.9003213047981262,0.639437198638916,0.8752253651618958,0.8845650553703308,0.7951585650444031,0.8837742805480957,0.8993028402328491,0.887769341468811,0.8844170570373535,0.8892971277236938,0.857390820980072,0.8660299777984619,0.8638091683387756,0.8999224305152893,0.8870254755020142,0.8590359687805176,0.9407120943069458,0.8747511506080627,0.4330280125141144,0.8675478100776672,0.8781026601791382,0.9135793447494507,0.8753317594528198,0.7995089888572693,0.8786180019378662,0.5368013381958008,0.7303957343101501,0.5429193377494812,0.8816084265708923,0.8190789222717285,0.8742615580558777,0.8682205677032471,0.849738359451294,0.8391255736351013,0.826555609703064,0.9482320547103882,0.8841622471809387,0.32741644978523254,0.8581705093383789,0.808514416217804,0.8627721667289734,0.8199771642684937,0.893990695476532,0.9102745652198792,0.8554078340530396,0.9413636326789856,0.9078651666641235,0.9193745851516724,0.8999621272087097,0.837781548500061,0.8900372982025146,0.8606521487236023,0.8534348011016846,0.6870707273483276,0.6336557269096375,0.8909717798233032,0.3539157211780548,0.8719342350959778,0.8691473603248596,0.9051061272621155,0.9057900905609131,0.756856381893158,0.8235511779785156,0.8369042277336121,0.778400719165802,0.9011886119842529,0.8869944214820862,0.940536379814148,0.864995002746582,0.8492152690887451,0.8763318061828613,0.8550254106521606,0.8792330622673035,0.878461480140686,0.7808527946472168,0.4451582431793213,0.5515106916427612,0.8619611263275146,0.9040740132331848,0.9444852471351624,0.8606056571006775,0.8734450936317444,0.9156584739685059,0.8625232577323914,0.8716816902160645,0.8998737931251526,0.8037574887275696,0.8965342044830322,0.9419531226158142,0.8116707801818848,0.792965829372406,0.8494336009025574,0.8995617628097534,0.8544141054153442,0.84383225440979,0.94118732213974,0.8765612840652466,0.8579723238945007,0.8793624043464661,0.8216642141342163,0.8279485106468201,0.9498761296272278,0.8648641705513,0.8612791895866394,0.8712021708488464,0.8734092116355896,0.8984139561653137,0.8828201293945312,0.8940407037734985,0.9312463998794556,0.8886342644691467,0.8891195058822632,0.8729981780052185,0.8600000143051147,0.8363149166107178,0.8883118033409119,0.9270045757293701,0.9181855320930481,0.8906726241111755,0.9361590147018433,0.8720982074737549,0.7740964889526367,0.8836008906364441,0.8945123553276062,0.7751757502555847,0.829714298248291
tbx2,0.86330646276474,0.8499171733856201,0.8381050229072571,0.8504428863525391,0.6079252362251282,0.5187827348709106,0.8824062943458557,0.8612726926803589,0.9387615323066711,0.9147877097129822,0.8550850749015808,0.8614109754562378,0.7845544815063477,0.71317058801651,0.8900784254074097,0.8489816784858704,0.8554227948188782,0.846095860004425,0.9409396648406982,0.8654102087020874,0.8691744804382324,0.7885516285896301,0.9272774457931519,0.8570491075515747,0.8877649307250977,0.884607195854187,0.9262242913246155,0.9127843976020813,0.9434247016906738,0.9306087493896484,0.8947250843048096,0.8975845575332642,0.8737959265708923,0.9359880685806274,0.8595435619354248,0.8505895733833313,0.8738494515419006,0.8856304287910461,0.8756821751594543,0.8797682523727417,0.9362160563468933,0.8334535360336304,0.7135019302368164,0.7651961445808411,0.8492399454116821,0.8995240926742554,0.9442872405052185,0.7650570273399353,0.8852418065071106,0.8630727529525757,0.8599412441253662,0.38438114523887634,0.8436526656150818,0.7598260641098022,0.4768337309360504,0.9058942794799805,0.8600785732269287,0.8850797414779663,0.8459637761116028,0.8772773742675781,0.9317559599876404,0.8575884103775024,0.9370952844619751,0.8571134805679321,0.9425658583641052,0.9502663016319275,0.7756645679473877,0.900468111038208,0.8376865386962891,0.8822275996208191,0.8469659090042114,0.8798766732215881,0.8754526376724243,0.8091257810592651,0.8417251706123352,0.7980908155441284,0.8942170143127441,0.6229426264762878,0.8595656752586365,0.8779708743095398,0.7796435356140137,0.8788907527923584,0.8940783739089966,0.880867063999176,0.873024582862854,0.8805942535400391,0.8507673144340515,0.8507463932037354,0.8480730056762695,0.8875970840454102,0.8742384314537048,0.8535016775131226,0.9377162456512451,0.8618878722190857,0.4253515601158142,0.8615249395370483,0.8572198152542114,0.9085803627967834,0.8664563894271851,0.7892502546310425,0.8685503005981445,0.5263566374778748,0.7099708914756775,0.5334075093269348,0.8671094179153442,0.8007509708404541,0.8631280660629272,0.852368950843811,0.8355609774589539,0.8257208466529846,0.8225746154785156,0.9458787441253662,0.8800366520881653,0.3605622351169586,0.8386728763580322,0.8039407730102539,0.8457942605018616,0.8092665076255798,0.8858354091644287,0.9019871950149536,0.8476170897483826,0.9393788576126099,0.9005509614944458,0.9146907925605774,0.8945703506469727,0.8254243731498718,0.877921998500824,0.854257345199585,0.8461242914199829,0.6634637713432312,0.6176480650901794,0.8843790888786316,0.3765673339366913,0.861894428730011,0.855850875377655,0.8990905284881592,0.899019181728363,0.7321048378944397,0.8059144020080566,0.8192817568778992,0.7618131041526794,0.8950057625770569,0.8726078867912292,0.9377274513244629,0.8509595990180969,0.8408492207527161,0.8611342906951904,0.8428444862365723,0.8715357184410095,0.8700305819511414,0.7638087868690491,0.4242803454399109,0.5574273467063904,0.8572465181350708,0.8968335390090942,0.9421525597572327,0.8493504524230957,0.8614943027496338,0.9083765149116516,0.8557249307632446,0.8649909496307373,0.8914129137992859,0.7880266904830933,0.8904366493225098,0.9395104646682739,0.7937706112861633,0.7793214321136475,0.8446539640426636,0.8906490802764893,0.8381058573722839,0.8364407420158386,0.937630832195282,0.8697156310081482,0.8472235798835754,0.8713343143463135,0.8196252584457397,0.8198757767677307,0.9471694231033325,0.8565104007720947,0.8476154208183289,0.8619141578674316,0.8675684928894043,0.8941136002540588,0.8771796226501465,0.8860331177711487,0.928560197353363,0.8824204206466675,0.880964457988739,0.8754468560218811,0.8529168963432312,0.8202415108680725,0.8783057928085327,0.9211246967315674,0.9150031805038452,0.8822376132011414,0.9337518215179443,0.8650462627410889,0.7545710802078247,0.8697698712348938,0.88593590259552,0.7615251541137695,0.8158426284790039
tbx3,0.8912006616592407,0.8725975155830383,0.8801676034927368,0.8754504323005676,0.6695910096168518,0.5433433055877686,0.9082618951797485,0.8874082565307617,0.9491429328918457,0.9348186254501343,0.8917673230171204,0.8823989629745483,0.8466358184814453,0.7829891443252563,0.9107609987258911,0.8737781047821045,0.8755816221237183,0.8940017819404602,0.951560378074646,0.9040504097938538,0.9041315913200378,0.8207476139068604,0.9426712393760681,0.8857017755508423,0.9124321937561035,0.9137949347496033,0.9385208487510681,0.9360759258270264,0.9527950882911682,0.9416190385818481,0.9187459349632263,0.9206576347351074,0.9032350778579712,0.947298526763916,0.890352725982666,0.8741465210914612,0.9078328609466553,0.9127716422080994,0.9014923572540283,0.9066193699836731,0.9477922916412354,0.8667230010032654,0.775124192237854,0.8122174739837646,0.8725221753120422,0.9230936765670776,0.9493904709815979,0.8257223963737488,0.9137573838233948,0.8961082100868225,0.8840097188949585,0.36675477027893066,0.8759329319000244,0.8289073705673218,0.5470898747444153,0.9312649369239807,0.8926005363464355,0.9126618504524231,0.8794292211532593,0.9063153862953186,0.9425129294395447,0.8819586634635925,0.9491021633148193,0.8872504830360413,0.9525048136711121,0.9579404592514038,0.8171919584274292,0.9260709285736084,0.8919456601142883,0.915370762348175,0.8954566121101379,0.9033103585243225,0.9062213897705078,0.8495921492576599,0.8673379421234131,0.8466557264328003,0.939339280128479,0.6786218285560608,0.8992630243301392,0.9100558161735535,0.8238365054130554,0.9025602340698242,0.9163498878479004,0.9078661799430847,0.9036810398101807,0.9080517888069153,0.8737181425094604,0.8863885998725891,0.8824521899223328,0.9168012738227844,0.9050201177597046,0.8872388005256653,0.9482372999191284,0.8999382853507996,0.4175056219100952,0.8985127210617065,0.8985773921012878,0.9308386445045471,0.9032036066055298,0.8308520317077637,0.9010631442070007,0.592776358127594,0.7727038264274597,0.5688232183456421,0.9045153856277466,0.8546144366264343,0.8982072472572327,0.8864748477935791,0.8742125630378723,0.8658921122550964,0.8567690849304199,0.9553460478782654,0.9055002927780151,0.3433743119239807,0.8827574253082275,0.8534188270568848,0.8868581056594849,0.844725489616394,0.9156334400177002,0.9265984892845154,0.8750287294387817,0.9497107267379761,0.924692690372467,0.9350724816322327,0.934320330619812,0.8591529726982117,0.9071832895278931,0.8782105445861816,0.870031476020813,0.7020002007484436,0.6758235692977905,0.9102082848548889,0.3967297375202179,0.8898264169692993,0.8896381258964539,0.9233716726303101,0.923897922039032,0.7958952188491821,0.8579359650611877,0.8588773608207703,0.8095982074737549,0.9198830127716064,0.9065145254135132,0.9484490752220154,0.8914278745651245,0.8823146224021912,0.8960757851600647,0.8806132078170776,0.8952847123146057,0.8935445547103882,0.8035677075386047,0.5094350576400757,0.5803114771842957,0.880222737789154,0.9214967489242554,0.9523908495903015,0.901039183139801,0.8914597630500793,0.9279012680053711,0.8812416791915894,0.886108934879303,0.9177082777023315,0.8227431178092957,0.9142444729804993,0.9495158791542053,0.8500464558601379,0.8232735991477966,0.8862571120262146,0.9188351035118103,0.8778364658355713,0.8605616688728333,0.9492598176002502,0.8936491012573242,0.8792256712913513,0.8984403610229492,0.8553154468536377,0.8632738590240479,0.9546211957931519,0.88081294298172,0.8928354978561401,0.8887901902198792,0.8908001780509949,0.9167985916137695,0.9022876620292664,0.9118185043334961,0.9395896792411804,0.907649576663971,0.9076999425888062,0.892408549785614,0.8783956170082092,0.8735992312431335,0.9081766605377197,0.9423760175704956,0.9284295439720154,0.9101396799087524,0.9442387819290161,0.8889642357826233,0.8138012290000916,0.8993660807609558,0.9174578785896301,0.8154767751693726,0.8605816960334778
tcf7l1,0.8866034150123596,0.8945760726928711,0.8495596647262573,0.898581326007843,0.6485243439674377,0.5897814631462097,0.920971691608429,0.9087558388710022,0.9489725232124329,0.9206942915916443,0.8789878487586975,0.9003164768218994,0.8224244713783264,0.6825257539749146,0.9237006902694702,0.9012805223464966,0.8965794444084167,0.8628185987472534,0.9508039951324463,0.8492308259010315,0.8939706683158875,0.8316949009895325,0.9256333708763123,0.88539719581604,0.9151032567024231,0.9250813126564026,0.9240218997001648,0.9384099841117859,0.9514590501785278,0.9450824856758118,0.8962635397911072,0.9314739108085632,0.8996260166168213,0.946638822555542,0.9033657312393188,0.8984703421592712,0.8908490538597107,0.9198476672172546,0.9209994077682495,0.9169043302536011,0.9462302923202515,0.8628956079483032,0.723613977432251,0.7666815519332886,0.8959254026412964,0.9294789433479309,0.9390082955360413,0.8318519592285156,0.8880026936531067,0.8946887254714966,0.9078847169876099,0.38358548283576965,0.8904846906661987,0.7902199029922485,0.5020647644996643,0.9325971603393555,0.8891898393630981,0.9197869896888733,0.8963898420333862,0.8973342180252075,0.9421940445899963,0.903772234916687,0.9482743144035339,0.9084927439689636,0.9512118697166443,0.9512936472892761,0.8220837116241455,0.9289249181747437,0.8483905792236328,0.8778050541877747,0.8658486008644104,0.9170683026313782,0.9119575023651123,0.8363255858421326,0.889422595500946,0.8191449046134949,0.9309154152870178,0.6237270832061768,0.8781118988990784,0.9215847253799438,0.8253068923950195,0.9188737273216248,0.9301896095275879,0.8973290324211121,0.874808132648468,0.9155848622322083,0.8975248336791992,0.8900679349899292,0.8835560083389282,0.9068285822868347,0.8929979205131531,0.8462872505187988,0.9484529495239258,0.8857057690620422,0.4660615921020508,0.8973112106323242,0.8833704590797424,0.9313934445381165,0.8811829686164856,0.7801198363304138,0.9105935096740723,0.5824732780456543,0.7643252611160278,0.5274536609649658,0.86259925365448,0.8147799968719482,0.8938711285591125,0.8635507225990295,0.7945576906204224,0.8545324206352234,0.8205302953720093,0.9528934955596924,0.9197010397911072,0.34027907252311707,0.841482937335968,0.7707675695419312,0.8797894716262817,0.8245673179626465,0.9078969359397888,0.9305696487426758,0.899047315120697,0.9382289052009583,0.9312635660171509,0.9197225570678711,0.9248674511909485,0.8503435850143433,0.9001978635787964,0.9024834632873535,0.8934919238090515,0.6502246260643005,0.6558017730712891,0.9252161979675293,0.4901675581932068,0.9043601751327515,0.9016368389129639,0.9322153925895691,0.9296843409538269,0.7440643310546875,0.8136372566223145,0.8402677178382874,0.8136447072029114,0.9302570819854736,0.8932681679725647,0.9487535953521729,0.873723030090332,0.8620309829711914,0.8653128743171692,0.8942755460739136,0.9133665561676025,0.9124268293380737,0.7774868011474609,0.48071083426475525,0.5910162329673767,0.9039792418479919,0.9277685880661011,0.9493901133537292,0.8538256883621216,0.9069814682006836,0.9302127957344055,0.9103630781173706,0.9094879031181335,0.9282239675521851,0.7945255041122437,0.9269077777862549,0.9494116306304932,0.8323380947113037,0.8292133212089539,0.8419651985168457,0.9049529433250427,0.837041974067688,0.8850389719009399,0.935364842414856,0.9144230484962463,0.8742362260818481,0.8906274437904358,0.8459182381629944,0.8016176223754883,0.9459842443466187,0.9024065732955933,0.8595308065414429,0.9014161825180054,0.9127331376075745,0.9242694973945618,0.8977135419845581,0.9239835143089294,0.9400229454040527,0.9238118529319763,0.9238245487213135,0.8094702959060669,0.903663694858551,0.8191699981689453,0.9131661057472229,0.9421243071556091,0.9287857413291931,0.9231547117233276,0.9444383382797241,0.9067748785018921,0.7797567248344421,0.8655837178230286,0.9075886607170105,0.835096538066864,0.8171057105064392
twist1,0.9119745492935181,0.8845371603965759,0.9197985529899597,0.8839651346206665,0.6912755370140076,0.5794506072998047,0.9246251583099365,0.9080767631530762,0.9580363035202026,0.9457253813743591,0.9140710234642029,0.8959308862686157,0.9022896885871887,0.8645908236503601,0.9285338521003723,0.8906289935112,0.8853291869163513,0.931429922580719,0.958693265914917,0.9338727593421936,0.9227153062820435,0.856110155582428,0.9509319067001343,0.9065291881561279,0.9339708685874939,0.9323043823242188,0.952494740486145,0.9486033916473389,0.9605331420898438,0.9518753290176392,0.9367579817771912,0.931023359298706,0.923178493976593,0.9563654065132141,0.9056582450866699,0.8861719369888306,0.9396594762802124,0.931251585483551,0.9161459803581238,0.925071656703949,0.9564964771270752,0.8962749242782593,0.791337788105011,0.8293502926826477,0.8875206112861633,0.9387761354446411,0.9506640434265137,0.8293899893760681,0.9342476725578308,0.9139401912689209,0.8982780575752258,0.31915920972824097,0.8995285034179688,0.8929750919342041,0.5577463507652283,0.9430853128433228,0.9163477420806885,0.9284693002700806,0.9041762351989746,0.9270694255828857,0.9525302052497864,0.9015220999717712,0.9567260146141052,0.9127267599105835,0.9601545333862305,0.9625696539878845,0.8304387927055359,0.9408208727836609,0.9227756261825562,0.9379858374595642,0.9203972220420837,0.9251367449760437,0.9273430705070496,0.8585541248321533,0.8813650012016296,0.9059953093528748,0.9511585831642151,0.696485698223114,0.9314326047897339,0.927990198135376,0.8400095105171204,0.9195566773414612,0.9330189228057861,0.932848334312439,0.9277061820030212,0.9267500638961792,0.8847707509994507,0.9058659076690674,0.9150558710098267,0.935164213180542,0.9276045560836792,0.9242256283760071,0.9566780924797058,0.9096173048019409,0.4143899381160736,0.9029219150543213,0.9238999485969543,0.943509578704834,0.9205429553985596,0.8416135311126709,0.9253159165382385,0.5685012936592102,0.8462245464324951,0.6024866104125977,0.9301064610481262,0.8969066143035889,0.9254917502403259,0.9163733124732971,0.9031779766082764,0.8968939781188965,0.9159050583839417,0.9621860980987549,0.9209076166152954,0.26193132996559143,0.9212275743484497,0.909843921661377,0.916290283203125,0.853973925113678,0.9311100840568542,0.9406946897506714,0.8934382796287537,0.9563230872154236,0.9386518597602844,0.9463560581207275,0.9448369145393372,0.8728060722351074,0.9278213381767273,0.8901498317718506,0.8796469569206238,0.6548032164573669,0.6926431059837341,0.9268056750297546,0.3314758241176605,0.9136824607849121,0.9193373918533325,0.9369531273841858,0.9395849704742432,0.8651442527770996,0.8990013003349304,0.8978466987609863,0.8246654868125916,0.9346725940704346,0.9334527254104614,0.9570625424385071,0.9214332103729248,0.9306589365005493,0.9231789708137512,0.9009425044059753,0.9106215238571167,0.9184150099754333,0.8266696333885193,0.5437443852424622,0.577567458152771,0.9030397534370422,0.9359021782875061,0.959633469581604,0.9250900149345398,0.9155120253562927,0.9409610033035278,0.8958738446235657,0.9043774008750916,0.9329878687858582,0.839985191822052,0.9299412965774536,0.9582758545875549,0.8941775560379028,0.8426638245582581,0.9208354949951172,0.933552622795105,0.9107095003128052,0.8736504316329956,0.9547306299209595,0.9120931029319763,0.9111748337745667,0.9256396889686584,0.902319610118866,0.913101315498352,0.9604159593582153,0.8961478471755981,0.9269297122955322,0.9118047952651978,0.9074766635894775,0.9319470524787903,0.921570360660553,0.9311213493347168,0.9500281810760498,0.9250315427780151,0.9250865578651428,0.9307175874710083,0.8964474201202393,0.9170674085617065,0.9283379912376404,0.9525976181030273,0.9397210478782654,0.9265177249908447,0.9544976353645325,0.9048166871070862,0.8777347803115845,0.9285553693771362,0.9379159808158875,0.8374543786048889,0.9024242162704468
